20220912a,20220912b,20220912c,20220912d,20220912e,20220912f,20221010a_1,20221010a_2,20221010b,20221010c_1,20221010c_2,20221010d,20221104a,20221104b,20221104c,20221104e,20221104f,20221104g,20191216a,20191216b,20191216c,20191216d,20191216e,20191216f,20191216g,20191216i,20191216j,20191216k,20191216m,20191216n,20191218b,20191218c,20191218e,20191220b,20191220c,20191220d,20191220e,20191220f,20191220g,20191220h
0.0187,0.0098000001,0.022299999,0.1832,0.0146,0.0286,0.083499998,0.042399999,0.3581,0.0539,0.0581,0.0218,0.0035000001,0.040199999,0.039099999,0.28549999,0.035100002,0.033199999,0.0029,0.0040000002,0.0048000002,0.035999998,0.0287,0.037999999,0.00060000003,0.094499998,0.1187,0.0381,0.048099998,0.0063999998,0.020099999,0.0059000002,0.0416,0.0127,0.022500001,0.0043000001,0.0638,0.0145,0.050799999,0.0038999999
0.080700003,0.047200002,0.0605,0.56569999,0.064400002,0.1027,0.1839,0.1142,0.65780002,0.31470001,0.1382,0.0557,0.054400001,0.081500001,0.1055,0.4851,0.1136,0.077600002,0.046700001,0.050700001,0.0748,0.1635,0.1127,0.088699996,0.0275,0.2244,0.3563,0.065899998,0.19410001,0.062600002,0.061500002,0.0233,0.096199997,0.0405,0.071199998,0.0594,0.4508,0.043000001,0.13600001,0.0482
0.13779999,0.1045,0.1064,0.77670002,0.11,0.1665,0.3141,0.2841,0.94919997,0.58170003,0.1812,0.0867,0.1205,0.1312,0.15790001,0.63550001,0.20029999,0.1155,0.1017,0.088399999,0.12630001,0.2622,0.1758,0.1429,0.052000001,0.34979999,0.59960002,0.1132,0.62910002,0.1201,0.1036,0.046700001,0.1401,0.085199997,0.1155,0.113,0.90869999,0.067900002,0.19410001,0.1032
0.1981,0.1479,0.152,0.9971,0.1605,0.2245,0.4957,0.37920001,1.2291,0.74680001,0.2247,0.086999997,0.1692,0.229,0.24429999,0.78659999,0.27720001,0.15180001,0.1561,0.1303,0.176,0.37,0.24609999,0.2001,0.076399997,0.5273,0.84759998,0.1462,0.89039999,0.1726,0.1435,0.068899997,0.1948,0.1174,0.16329999,0.16859999,1.2466,0.089699998,0.21610001,0.1583
0.28850001,0.17659999,0.1928,1.1961,0.2121,0.28479999,0.68290001,0.55980003,1.5844001,0.98400003,0.29300001,0.1214,0.2201,0.31830001,0.3283,1.1933,0.33829999,0.1838,0.2036,0.17219999,0.2287,0.46529999,0.31259999,0.2446,0.1038,0.61199999,1.1259,0.208,1.0462,0.22149999,0.1832,0.1086,0.2405,0.1489,0.2176,0.21950001,1.5569,0.119,0.2207,0.2094
0.34,0.2076,0.2445,1.335,0.25490001,0.42109999,0.7949,0.6785,1.7577,1.184,0.35690001,0.1533,0.26660001,0.3671,0.4957,1.36,0.43189999,0.22149999,0.26280001,0.2096,0.2802,0.57669997,0.38499999,0.2978,0.1303,0.70450002,1.4107,0.2518,1.2634,0.28369999,0.2236,0.1336,0.28209999,0.1734,0.26859999,0.27309999,1.8832999,0.14920001,0.31209999,0.25479999
0.41330001,0.23549999,0.2843,1.4513,0.29910001,0.5086,0.92869997,0.79939997,1.998,1.4089,0.3994,0.19419999,0.3378,0.47780001,0.69400001,1.6136,0.52060002,0.2613,0.3558,0.2489,0.32800001,0.67650002,0.46259999,0.3513,0.156,0.80010003,1.6657,0.301,1.5646,0.33309999,0.26409999,0.16320001,0.32460001,0.2007,0.3267,0.32120001,3.3999,0.17290001,0.40220001,0.29969999
0.4411,0.26449999,0.33860001,1.6665,0.3432,0.57929999,1.0541,0.87480003,2.0713999,1.5835,0.4628,0.2295,0.37850001,0.55690002,0.9605,1.7972,0.61629999,0.29949999,0.41749999,0.28839999,0.377,0.75239998,0.54390001,0.39829999,0.18189999,0.92900002,1.9021,0.36840001,1.9095,0.37909999,0.3066,0.18700001,0.37239999,0.2255,0.37239999,0.37180001,4.1915998,0.19670001,0.49470001,0.34380001
0.51539999,0.29589999,0.38249999,1.7923,0.39140001,0.66000003,1.1066,0.96329999,2.1661,1.7361,0.54900002,0.26280001,0.42570001,0.6214,1.0511,2.1617,0.69419998,0.34040001,0.47330001,0.32640001,0.4296,0.83279997,0.60879999,0.45410001,0.207,1.0516,2.2969999,0.41940001,2.1466999,0.4267,0.34619999,0.21510001,0.42770001,0.25650001,0.41639999,0.4197,4.7818999,0.22409999,0.58399999,0.3996
0.55790001,0.33289999,0.41999999,2.4161999,0.4366,0.74370003,1.2559,1.0235,2.2498,1.9055001,0.5984,0.2983,0.426,0.67210001,1.0774,2.3529,0.76020002,0.37729999,0.5377,0.36469999,0.4822,0.93220001,0.67739999,0.50260001,0.2289,1.1585,2.7058001,0.49450001,2.3756001,0.47440001,0.38600001,0.24259999,0.47400001,0.28040001,0.45910001,0.47639999,5.3849001,0.25670001,0.67439997,0.45019999
0.6322,0.35749999,0.4668,3.1951001,0.47749999,0.8107,1.3523999,1.1219,2.3582001,2.2992001,0.65319997,0.3294,0.47679999,0.80040002,1.3083,2.5093,0.86440003,0.4118,0.58819997,0.4064,0.53070003,0.99919999,0.75190002,0.546,0.25760001,1.2503,3.1287,0.54040003,2.9296999,0.53780001,0.4253,0.27129999,0.53310001,0.30180001,0.50819999,0.53560001,5.9649,0.28290001,0.75550002,0.4948
0.65960002,0.39469999,0.49700001,3.5908999,0.5237,0.8847,1.4107,1.2379,2.4728999,2.8016,0.7252,0.36219999,0.52209997,0.8567,1.3219,2.8045001,0.9404,0.44999999,0.63770002,0.4438,0.58020002,1.074,0.83230001,0.58899999,0.28529999,1.3572,3.5332999,0.57569999,3.3584001,0.59960002,0.46689999,0.29809999,0.57789999,0.3188,0.56220001,0.59469998,6.5781002,0.31529999,0.84649998,0.55430001
0.68739998,0.44190001,0.50340003,4.2055998,0.57630002,0.98949999,1.4797,1.3223,2.6372001,3.2955999,0.83209997,0.3964,0.57450002,1.0244,1.349,3.3364,1.0274,0.49259999,0.68629998,0.48109999,0.64310002,1.1418999,0.91549999,0.62889999,0.31029999,1.4443001,3.9640999,0.57599998,3.6303,0.67110002,0.50700003,0.32080001,0.61669999,0.34290001,0.6031,0.64450002,6.9931002,0.34150001,0.94050002,0.60640001
0.7432,0.47420001,0.53920001,5.1764998,0.63450003,1.0791,1.5523,1.3993,2.7651,3.4776001,0.90820003,0.42770001,0.63249999,1.0662,1.3605,3.7275,1.1303,0.53109998,0.73809999,0.53070003,0.69599998,1.2302001,1.0053,0.66960001,0.33539999,1.5353,4.3780999,0.61919999,3.7346001,0.72850001,0.5499,0.3452,0.67360002,0.37020001,0.65539998,0.70209998,7.4067998,0.37380001,1.0345,0.66039997
0.77859998,0.51319999,0.57529998,5.5658002,0.70920002,1.1479,1.6788,1.5319999,2.9598,3.589,0.96139997,0.46169999,0.68409997,1.123,1.4848,3.9849999,1.2118,0.5697,0.79449999,0.5715,0.74919999,1.3116,1.0861,0.71399999,0.3635,1.6392,4.7417998,0.66339999,3.8661001,0.79369998,0.58850002,0.37400001,0.73220003,0.3971,0.70660001,0.76819998,7.8053999,0.403,1.1389,0.70770001
0.80190003,0.55260003,0.60579997,6.1711001,0.7669,1.2237999,1.7746,1.5841,3.082,3.7855,1.0306,0.49810001,0.7299,1.166,1.6799001,4.1684999,1.3066,0.61119998,0.85759997,0.61540002,0.81220001,1.4223,1.1575,0.75830001,0.38890001,1.7410001,5.1496,0.69779998,4.1542001,0.84130001,0.63160002,0.39910001,0.7834,0.42410001,0.76779997,0.8186,8.1976004,0.43220001,1.225,0.75559998
0.87059999,0.59450001,0.6365,6.6062999,0.82279998,1.2974,1.8726,1.6638,3.2590001,4.0864,1.0936,0.54409999,0.76770002,1.2244999,1.8499,4.3762002,1.3901,0.65750003,0.89740002,0.65750003,0.87019998,1.5246,1.2388999,0.81489998,0.4147,1.8403,5.5865998,0.7342,4.2855,0.89700001,0.66979998,0.4321,0.82499999,0.45050001,0.81089997,0.86540002,8.6075001,0.4571,1.3138,0.8118
0.9066,0.63550001,0.67150003,6.7821999,0.87470001,1.3762,1.9416,1.7764,3.4798999,4.1914001,1.1461,0.57539999,0.8107,1.2764,2.3343,4.7262998,1.4561,0.69489998,0.93589997,0.70359999,0.92820001,1.6247,1.3091,0.86199999,0.43830001,1.9604,5.9923,0.76800001,4.4737,0.94770002,0.71060002,0.45469999,0.89399999,0.47119999,0.86129999,0.9192,9.0025997,0.49110001,1.4053,0.86470002
1.1034,0.67989999,0.70660001,7.3555999,0.92290002,1.4534,2.1234,1.8863,3.7019,4.2941999,1.2158,0.61320001,0.83859998,1.3144,2.5091,5.1571002,1.5279,0.73729998,0.98089999,0.75370002,0.97979999,1.6985,1.3775001,0.91159999,0.46329999,2.1545999,6.3931999,0.8211,4.599,0.9989,0.75269997,0.472,0.93629998,0.4939,0.91170001,0.96569997,9.3645,0.52310002,1.4917001,0.9163
1.1447999,0.71810001,0.7432,7.6030002,0.97219998,1.5269001,2.302,2.0536001,3.8705001,4.5049,1.2776999,0.65700001,0.87699997,1.3621,2.9835999,5.3944998,1.6544,0.77710003,1.0306,0.79710001,1.0337,1.777,1.4648,0.9623,0.495,2.3148999,6.7810998,0.85530001,4.9380002,1.0474,0.81889999,0.49860001,1.0002,0.52569997,0.96240002,1.0146,9.7777996,0.5553,1.5753,0.96340001
1.1803,0.75559998,0.78829998,7.7985001,1.0178,1.5917,2.5195999,2.1154001,4.0623999,4.6752,1.3734,0.69199997,0.92150003,1.4302,3.6626,6.1654,1.7327,0.8197,1.082,0.83590001,1.0846,1.8473001,1.539,1.0154999,0.52569997,2.4744999,7.1931,0.89120001,5.1631999,1.1089,0.8567,0.54939997,1.0508,0.55159998,1.013,1.0650001,10.3763,0.60430002,1.6565,1.0075999
1.225,0.79769999,0.82319999,8.1541004,1.079,1.6461,2.6036999,2.1956,4.3446999,4.7834001,1.4159,0.72589999,0.9824,1.5046999,3.7686999,6.3225002,1.8192,0.86129999,1.1292,0.87809998,1.1402,1.9205,1.6122,1.0611,0.55659997,2.5906,7.6065998,0.93150002,5.3592,1.1709,0.89880002,0.5747,1.1021,0.58099997,1.0582,1.1168,11.0056,0.62919998,1.7366,1.0678
1.2565,0.83139998,0.85839999,8.3850002,1.1283,1.7171,2.7616999,2.3053,4.4993,4.9057002,1.4901,0.7554,1.0419,1.5877,3.9335001,6.5500002,1.9086,0.9012,1.1872,0.92309999,1.1931,2.1362,1.6938,1.1129,0.58179998,2.6954999,8.1348,0.96749997,5.5676999,1.2368,0.94340003,0.60049999,1.1518,0.60689998,1.1069,1.179,11.0481,0.66350001,1.8214999,1.1224
1.3474,0.86510003,0.89429998,8.7863998,1.1719,1.778,2.9031,2.4675,4.7835002,5.0053,1.5457,0.78509998,1.1046,1.6424,4.1601,6.7719002,4.1588001,0.93709999,1.2479,0.96509999,1.2508,2.3408999,1.7723,1.1719,0.60390002,2.8022001,8.6946001,1.0089,5.7968001,1.3104,0.98110002,0.6214,1.2388,0.63050002,1.1538,1.2343,11.0492,0.69090003,1.9091001,1.1691999
1.3744,0.92019999,0.9235,8.9899998,1.2309999,1.8369,2.9695001,2.5190001,4.9082999,5.1781998,1.604,0.81519997,1.1665,1.7048,4.1817002,6.9924998,4.1690998,0.97039998,1.2924,1.0063,1.3006999,2.5246,1.8572,1.223,0.6286,2.9138999,9.1757002,1.0563,6.1300001,1.3606,1.0202,0.64429998,1.2847,0.66030002,1.2079,1.2867,11.5912,0.71439999,2.1094999,1.2179
1.5182,0.95249999,0.93769997,9.1887999,1.2776,1.902,3.1568999,2.5817001,5.0591998,5.3018999,1.6863,0.8527,1.2067,1.8012,5.2072001,7.1820998,4.1777,1.0183001,1.3526,1.0487,1.3601,2.7249999,1.9367,1.2747,0.65579998,3.0880001,9.6955004,1.0971,6.4022002,1.4286,1.0625,0.66670001,1.3306,0.68610001,1.2644,1.3437001,11.9881,0.74159998,2.2045,1.2618999
1.556,0.98809999,0.97119999,9.7995996,1.3212,1.9766001,3.5637,2.6612999,5.177,5.4920001,1.7302001,0.88160002,1.2716,1.8697,5.7379999,7.7294002,4.1914001,1.0623,1.414,1.0872999,1.4165,2.7946999,2.0021,1.3253,0.68089998,3.1784999,10.1689,1.1302,6.6753998,1.4851,1.1034,0.68610001,1.4069,0.71689999,1.312,1.3956,12.1868,0.77560002,2.3015001,1.3105
1.6078,1.0113,1.0121,10.1695,1.3664,2.1245,3.7595999,2.7047999,5.3504,5.5973001,1.8033,0.91280001,1.3266,1.9265,5.7613001,7.9631,4.7904,1.1025,1.4766999,1.1408,1.4694,2.8676,2.0839,1.3777,0.70630002,3.3362,10.7273,1.1894,6.8901,1.5376,1.1431,0.7087,1.4516,0.75230002,1.3585,1.4589,12.4138,0.80909997,2.392,1.3609999
1.7456,1.0532,1.0519,10.1721,1.3917,2.1870999,3.9516001,2.7674,5.4640999,5.7042999,1.8645,0.94260001,1.3757,2.1373999,5.9052,8.4069996,4.8053002,1.1494,1.525,1.1733,1.5244,2.9193001,2.1643,1.4373,0.73089999,3.4983001,11.1627,1.2286,7.0950999,1.6005,1.1862,0.72979999,1.4997,0.78600001,1.4075,1.5109,12.6429,0.84399998,2.405,1.4121
1.7874,1.0949,1.0565,10.5651,1.4017,2.3618,4.1292,2.8698001,5.6308999,5.8976998,1.9318,0.98009998,1.4167,2.1847,5.9253998,8.5277996,5.1637001,1.1895,1.5930001,1.2129,1.5739,2.9923,2.2441001,1.5036,0.75300002,3.5724001,11.5893,1.2688,7.2427001,1.6552,1.2276,0.74839997,1.5402,0.81779999,1.4638,1.5641,12.9085,0.87370002,2.4346001,1.46
1.8026,1.1332,1.0951,10.7855,1.4491,2.5287001,4.1946001,2.9779,5.8333998,5.9991002,1.9779,1.0144,1.464,2.3477001,5.9847999,9.1883001,5.1766,1.2373,1.6542,1.2529,1.6216,3.1638,2.3232,1.5515,0.77990001,3.6961,12.0048,1.3049999,7.4239998,1.6927,1.2703,0.77289999,1.5998,0.84909999,1.5081,1.6099,13.1887,0.90270001,2.4891,1.5061001
1.8266,1.1813999,1.1318001,10.9577,1.4938,2.7179999,4.3364,3.0583,5.9973001,6.0921998,2.1122999,1.0508,1.5088,2.5042,6.8052001,10.0042,5.5885,1.2815,1.6991,1.293,1.676,3.3369999,2.3961999,1.6148,0.80229998,3.777,12.2804,1.3361,7.7143998,1.7565,1.3142,0.79390001,1.6489,0.87720001,1.5696,1.6585,13.4793,0.9411,2.5889001,1.5563999
1.8823,1.2322,1.1718,11.4054,1.5364,2.7825999,4.5560999,3.1285,6.2806001,6.1904998,2.1454999,1.0880001,1.5567,2.5572,6.8410001,10.5636,5.7842999,1.3182,1.7487,1.3386,1.7262,3.5388999,2.4762001,1.6798,0.83450001,3.9358001,12.5474,1.3773,7.8470001,1.8095,1.3545001,0.81699997,1.7038,0.91240001,1.6168,1.725,13.7735,0.98299998,2.6905,1.6091
1.923,1.2623,1.2114,11.7971,1.5808001,2.9338,4.7480001,3.2507999,6.5618,6.4028001,2.3148,1.1222,1.6083,2.6056001,7.0275002,10.967,5.9426999,1.3604,1.8126,1.383,1.7761,3.7678001,2.5567999,1.7287,0.8599,4.1066999,12.8238,1.4105999,7.9844999,1.8654,1.3964,0.8369,1.7636,0.94379997,1.6632,1.7822,14.1652,1.0089999,2.7815001,1.6641001
1.9524,1.2974,1.2459,11.9731,1.6292,2.9967,4.9217,3.2927999,6.6683998,6.5746002,2.3699,1.1298,1.6583,2.7602999,7.1020999,11.1658,5.9794002,1.3978,1.8579,1.4186,1.8301001,3.9236,2.6355,1.7807,0.88889998,4.1697998,13.0475,1.447,8.2444,1.9263,1.4418,0.8603,1.8059,0.96700001,1.7117,1.8333,14.4169,1.0585999,2.8785,1.7066
2.0646999,1.3479,1.2868,12.0779,1.6838,3.1566999,5.1289001,3.3209,6.9017,6.8063998,2.4867001,1.156,1.704,2.8770001,7.3537998,11.6952,6.1728001,1.4361,1.9214,1.4588,1.8762,4.1894999,2.7203,1.826,0.91909999,4.2930002,13.2984,1.4954,8.4721003,1.9894,1.483,0.88330001,1.8465,0.99559999,1.7613,1.8875999,14.6522,1.0951999,2.9670999,1.756
2.0948,1.383,1.3226,12.1701,1.7539001,3.3408,5.3512001,3.3627,7.145,6.9015999,2.569,1.1925,1.7569,2.9099,7.7951002,12.0313,6.3908,1.4715,1.9747,1.5103,1.9293,4.3613,2.8132,1.8783,0.9533,4.3583002,13.5266,1.5221,8.7522001,2.0720999,1.5253,0.90270001,1.9021,1.0231,1.808,1.9450999,14.9259,1.1207,3.0748999,1.7997
2.1233001,1.4201,1.3707,12.2406,1.8049001,3.5472,5.5156999,3.4537001,7.2867999,7.0112,2.7195001,1.2248,1.8197,2.96,7.8408999,12.1926,6.7916002,1.5066,3.4990001,1.55,1.9737999,4.5493999,2.9117,1.9268,0.9817,4.4882002,13.7691,1.559,8.9674997,2.1213,1.5687,0.92250001,1.96,1.0513,1.8537,1.9981,,1.1487,3.1743,1.8380001
2.1824999,1.4506,1.4047,12.3867,1.8557,3.7170999,5.7740998,3.5176001,7.4773002,7.1090999,2.7597001,1.2594,1.8748,3.1073999,7.9344001,12.3676,7.197,1.5479,3.7837,1.5883,2.0934,4.7248001,2.9919,1.9761,1.0059,4.5773001,14.0348,1.6023,9.1313,2.1770999,1.6079,0.94120002,1.9960001,1.0799,1.8949,2.0939,,1.1788,3.2825,1.9031
2.3417001,1.492,1.4567,12.4655,1.9076,3.9123001,5.9580002,3.5983,7.6754999,7.2972002,2.9147999,1.2816,1.9213001,3.1466999,7.9864998,12.4735,7.3982,1.5872,3.8868999,1.6362,2.1526999,4.7969999,3.0883,2.0572,1.0292,4.6820998,14.2745,1.6452,9.2790003,2.2737999,1.6454999,0.96060002,2.1222,1.1076,1.9427,2.1598001,,1.2076,3.3829,1.9579
2.3608,1.5246,1.5006,12.5365,1.9619,3.9705,6.1598001,3.707,7.8587999,7.4517002,2.9586999,1.2938,1.9701,3.3439,8.1747999,12.6707,7.5847998,1.6207,3.983,1.6739,2.2672,4.9664998,3.1814001,2.0957,1.0574,4.7772999,14.516,1.6768,9.5136995,2.3353,1.6847,0.98140001,2.1572001,1.1379,1.9855,2.2658999,,1.242,3.4876001,1.9981
2.3879001,1.5585001,1.538,12.6071,2.1956,4.1178002,6.3109002,3.8422,8.1148005,7.5026002,3.0764,1.3274,4.0026002,3.4066999,8.2201996,13.0168,7.8062,1.659,4.1492,1.711,2.3225999,5.1374002,3.2648001,2.1406,1.0827,4.8842001,14.7855,1.7149,9.8683996,2.3986001,1.7249,1.0006,2.3306999,1.1688,2.0855999,2.3118,,1.2776999,3.5780001,2.0573001
2.4553001,1.5956,1.5707,12.7065,3.5404999,4.1880002,6.5346999,3.8776,8.3008003,7.5847998,3.1356001,1.359,4.3849001,3.5283999,8.3683004,13.173,7.9843001,1.6923,4.2623,1.7493,2.3735001,5.3846002,3.3518,2.1870999,1.1105,4.9635,,1.7634,10.1552,2.4807,1.7647001,1.0207,2.3806,1.206,2.1324999,2.3692999,,1.3105,3.6942,2.1056001
2.4886,1.6397001,1.6172,12.8069,3.7723999,4.2976999,6.5974998,3.9451001,8.4386997,7.6918998,3.3127999,1.395,4.4039001,3.5929999,8.7721004,13.3674,8.1911001,1.7247,4.3936,1.7869999,2.4677,5.5464001,3.4532001,2.2743001,1.1363,5.1489,,1.8147,10.3564,2.5404999,1.8065,1.0470001,2.5121,1.2354,2.1801,2.4993999,,1.3552001,3.7848001,2.155
2.5209999,1.675,1.6569999,12.8699,3.967,4.3522,6.7578001,4.0785999,8.6738997,7.7975001,3.3455,1.4308,4.7405,3.7233,8.9882002,13.6571,8.3753996,1.7625999,4.4804001,1.8309,2.5325,5.605,3.5353999,2.326,1.1617,5.2979999,,1.8447,10.5729,2.5931001,1.8486,1.0729001,2.5404999,1.2586,2.2801001,2.5622001,,1.3825001,3.8864,2.1998
2.757,1.7134,1.6952,13.0089,4.1813002,4.4979,6.9500999,4.1459999,8.8411999,7.8978,3.4888,1.4658999,4.9973001,3.7823999,9.1271,14.0338,8.3999004,1.8052,4.5932999,1.8678,2.5922999,5.7665,3.6112001,2.3749001,1.1864001,5.3834,,1.8906,10.924,2.658,1.8882,1.0953,2.5782001,1.2905999,2.3295,2.6798,,1.4188,3.9789,2.2449999
2.7995999,1.7535,1.7323,13.2041,4.3955002,4.5588999,7.1227002,4.2965002,9.0689001,8.0654001,3.5208001,1.4976,5.5721002,3.9252999,9.2854004,14.2209,8.5843,1.8459001,4.6676002,1.9075,2.6684999,5.9335999,3.6926999,2.4519,1.2173001,5.4966998,,1.9299999,11.1752,2.7146001,1.9282,1.1166,2.6977999,1.3177,2.3808,2.7363999,,1.4506,4.0963998,2.2934
2.8757,1.7902,1.772,13.2817,4.5746999,4.6044998,7.3291998,4.3864002,9.2377005,8.1757002,3.5734,1.5298001,5.9026999,3.9818001,9.3478003,14.4722,8.7705002,1.8842,4.7600002,1.9445,2.7282,6.0033002,3.7653999,2.4820001,1.2449,5.5913,,1.9605,11.3463,2.7892001,1.9689,1.1379,2.7351,1.3568,2.4793999,2.8901999,,1.5052,4.1945,2.3368001
2.9017999,1.8313,1.8113,13.3374,4.7105999,4.7254,7.5226998,4.5197001,9.4996004,8.2833996,3.6822,1.5627,6.1420002,4.1630001,9.7840996,14.8749,8.9602003,1.9167,4.8571,1.9857,2.7795,6.1556001,3.848,2.5250001,1.2718,5.7143998,,2.003,11.568,2.8692,2.0091,1.1611,2.7695,1.3918,2.5288999,2.9395001,,1.5359,4.2887998,2.3768001
2.9886,1.8739001,1.8591,13.5157,4.7600999,4.908,7.7146001,4.5908999,9.6939001,8.3837996,3.7282,1.5956,6.1669998,4.3371,9.9441996,,8.9972,1.956,4.9535999,2.1026001,2.8635001,6.3074002,3.9453001,2.5671,1.3017,5.9053001,,2.0778,11.7496,2.9252,2.0579,1.1842999,2.9065001,1.4191999,2.5781,3.0736001,,1.5668,4.3699999,2.4236
3.1068001,1.9112,1.9112999,13.6451,4.9180999,4.9636002,7.9145999,4.7287998,9.8521004,8.4976997,3.7755001,1.63,6.1879001,4.3905001,10.1756,,9.1872997,1.9901,5.0467,2.1417,2.9145,6.3622999,4.033,2.6475,1.3264,5.9805999,,2.1108999,11.8971,2.9895,2.0992999,1.2091,2.9374001,1.4547,2.6749001,3.1238999,,1.5949,4.4812999,2.4793
3.1521001,1.9464999,1.9502,13.7563,4.9612002,5.1052999,8.158,4.8499999,10.0511,8.5900002,3.9001,1.6648999,6.3855,4.5061002,10.2483,,9.3956003,2.0924001,5.1059999,2.1872001,2.9586999,6.5432,4.0976,2.6821001,1.3551,6.0953999,,2.1417999,12.0327,3.0695,2.1391001,1.2309999,2.9779999,1.4859,2.7161,3.1853001,,1.6243,4.5724001,2.5274
3.3499,1.9737,1.99,13.9378,5.1185002,5.1733999,8.2903004,4.9043999,10.2346,8.7068996,3.9551001,1.7017,6.5840001,4.5486002,10.3988,,9.5915003,2.1348,5.1805,2.3120999,3.0637,6.7649002,4.1806998,2.724,1.3802,6.1945,,2.1691,12.207,3.1222,2.1763,1.2557,3.1150999,1.5213,2.7565,3.2918999,,1.6556,4.6856999,2.5797
3.3673,2.1517999,2.0164001,14.0276,5.1612,5.2839999,8.3972998,5.0795999,10.3089,8.7873001,3.9914999,1.7427,6.7698998,4.7375998,10.7572,,9.7782001,2.1924,5.2679,2.3499999,3.1094999,6.9341002,4.2621999,2.7814,1.4043,6.3087001,,2.1993001,12.3355,3.1754999,2.2261,1.2794,3.1492,1.5566,2.8583,3.3504,,1.6816,4.7663999,2.6322999
3.388,2.1874001,2.1445999,14.3227,5.2027001,5.3400002,8.5563002,5.1431999,10.4794,8.8863001,4.0767002,1.7732,6.8048,4.7881999,10.7811,,9.9642,2.2913001,5.336,2.3878,3.1487,7.1409001,4.3422999,2.8741,1.4363,6.4710999,,2.2667,12.5473,3.2518001,2.2669001,1.3020999,3.1842,1.5880001,2.8994,3.3966,,1.7411,4.8733001,2.6833
3.5299001,2.3491001,2.181,14.4088,5.3561001,5.3871999,8.7007999,5.2775002,10.6851,8.9902,4.1241002,1.8029,7.0022998,4.9190001,10.9617,,10.1521,2.3371,5.4036999,2.4890001,3.1981001,7.3453999,4.4222002,2.9147,1.4632,6.5727,,2.3051,12.6577,3.2939,2.3052001,1.3372,3.2894001,1.6188999,2.9518001,3.5165999,,1.7732,4.9653001,2.7335999
3.5604999,2.3798001,2.5731001,14.5191,5.3994002,5.4850998,8.7707005,5.3652,10.892,9.0952997,4.1664,1.834,7.1999002,4.9653001,11.1687,,10.3898,2.3729,5.4818001,2.5290999,3.2841001,7.5331998,4.4991999,2.9533,1.4898,6.7206001,,2.3474,12.831,3.3476,2.3448,1.3652,3.3138001,1.6593,3.0617001,3.5771999,,1.7983,,2.7767
3.605,2.5272,2.5876999,14.6595,5.5373001,5.5352001,8.9108,5.4303999,11.0264,9.1915998,4.2810998,1.8619,7.5609002,5.1282001,11.3203,,10.5727,2.4869001,5.5475001,2.5620999,3.3383,7.5988998,4.5974998,2.9921999,1.5232,6.7939,,2.3842001,12.9976,3.3922,2.3838,1.3885,3.3494999,1.6963,3.1111,3.7227001,,1.8253,,2.8239
3.7421999,2.552,2.7288001,14.7426,5.5904999,5.5921998,8.9713001,5.4987001,11.2372,9.3069,4.3414998,1.8993,7.5942001,5.1760001,11.4641,,10.7405,2.5397999,5.6332002,2.6752999,3.3849001,7.7405,4.6697001,3.0632,1.5523,6.9400001,,2.4698,13.2575,3.4651999,2.4375999,1.4099,3.3866,1.7277,3.1547999,3.7732999,,1.8478,,2.8652999
3.7902999,2.5804999,2.9342999,14.8717,5.75,5.6917,9.1234999,5.5753999,11.4782,9.4083996,4.3862,1.9317,7.7803998,5.2976999,11.6254,,10.7618,2.5802,5.6977,2.7061999,3.4684999,7.9597001,4.7417002,3.1087,1.5806,7.0896001,,2.4914999,13.4885,3.5165999,2.4726,1.4298,3.5016,1.7565,3.1961,3.9079001,,1.8777,,2.9045
3.8092999,2.7551999,2.9995999,,5.7958999,5.7470002,9.1956997,5.7079,11.654,9.4871998,4.5149999,1.9704,7.9691,5.3821998,12.0229,,10.9919,2.6952,5.7526999,2.7476001,3.5153,8.1258001,4.8320999,3.1549001,1.6108,7.1462998,,2.5221,13.7106,3.5644,2.5139999,1.4601001,3.5351,1.7998,3.2885001,3.9595001,,1.9121,,3.0020001
3.8912001,2.7902,3.1142001,,5.9513998,5.8741002,9.3717003,5.8095002,11.8385,9.5771999,4.5682001,2.0053,8.1724997,5.5141001,12.2106,,11.171,2.7499001,5.8396001,2.7828,3.563,8.2033005,4.9064999,3.2054,1.6345,7.3119998,,2.5632999,13.8838,3.6372001,2.5550001,1.4836,3.5678999,1.8288,3.3311,4.0832,,1.938,,3.0355
3.9231999,2.8956001,3.1477001,,5.9858999,5.9582,9.5545998,5.8923001,12.2822,9.6647997,4.6722002,2.0592999,8.3787003,5.5588999,12.3216,,11.3926,2.8016,5.8929,2.8864,3.6589999,8.3653002,4.9842,3.2844999,1.6628,7.3831,,2.6080999,14.1319,3.6960001,2.5948,1.5082,3.595,1.8674999,3.3749001,4.1430998,,1.9642,,3.0718
3.9583001,2.9361999,3.1891,,6.1185002,6.1061001,9.7054005,5.9874001,12.765,9.7055998,4.7284999,2.095,8.7862997,5.7206998,12.389,,11.6069,2.892,5.9639001,2.9228001,3.7090001,8.5487003,5.0479002,3.3262,1.6947,7.4891,,2.6809001,14.4693,3.7551,2.6408,1.5294,3.6865001,1.9101,3.4835999,4.1989002,,1.9875,,3.1131999
4.0071998,2.9746001,3.3619001,,6.1655998,6.1594,9.7662001,6.0674,13.1053,9.8051004,4.7779999,2.1291001,8.9483004,5.8053002,12.4728,,11.7483,2.9458001,6.0401001,2.9605999,3.7542,8.7395,5.1279998,3.3559,1.7193,7.7255998,,2.7137001,14.7379,3.8554001,2.6826,1.5524,3.7170999,1.9373,3.5269001,4.2986002,,5.0938001,,3.1614001
4.0324998,3.0825,3.3965001,,6.3181,6.2838001,9.9466,6.1125002,13.3953,9.8916998,4.8868999,2.1601,8.9954004,5.9794998,12.4913,,11.9939,2.9953001,6.0819998,3.006,3.8611,8.9393997,5.1982002,3.3931999,1.7464,7.9548001,,2.763,14.9445,3.9015999,2.7219,1.5771,3.7595999,1.9647,3.5761001,4.3477998,,5.1030002,,3.1935
4.0841999,3.1192999,3.5754001,,6.3611002,6.3346,10.1647,6.1571002,13.6108,9.9764996,4.9537001,2.1942,9.1766005,6.1497002,12.6406,,12.0754,3.1020999,6.1578002,3.1029,3.9096999,9.1456003,5.2905002,3.4632001,1.7706,8.0719995,,2.8078001,,3.9473,2.7613001,1.605,3.7907,1.9996001,3.6747,4.3968,,5.1143999,,3.2302001
4.1149001,3.1740999,3.7416999,,6.5166998,6.3803,10.3574,6.2732,13.8898,10.0725,4.9952998,2.2465,9.3934002,6.3072,12.7388,,12.1203,3.1549001,6.2386999,3.1415,3.9559,9.3425999,5.3896999,3.5056,1.7964,8.1380997,,2.8563001,,3.9958999,2.8025999,1.6301,3.9001,2.1300001,3.7162001,4.5046,,5.1276999,,3.2611001
4.1532998,3.3708,3.9219999,,6.5647998,6.4976001,10.5544,6.3070002,14.169,10.1743,5.0970001,2.2578001,9.5686998,6.4935002,12.7621,,12.1557,3.1993001,6.3203001,3.1823001,4.0605998,9.5734997,5.4759002,3.5374999,1.8229001,8.2740002,,2.9008,,4.0602002,2.8478,1.653,3.9331,2.1579001,3.7597001,4.5630999,,5.1455998,,3.3440001
4.2582002,3.404,3.9876001,,6.6062999,6.5598001,10.6774,6.3520002,14.5291,10.2471,5.1448998,2.2821,9.7737999,6.5285001,12.8462,,12.2357,3.3053999,6.3800001,3.2839,4.1177001,9.7839003,5.5479002,3.5862,1.854,8.3600998,,2.9363999,,4.1121998,2.8855,1.6793,3.9686,2.1887,3.8573,4.6998,,5.1690998,,3.381
4.2774,3.7279,4.1192002,,6.7392998,6.6808,10.7888,6.4745998,14.7633,10.3636,5.1859999,2.3118,9.9611998,6.7265,12.9382,,12.2968,3.3545001,6.4431,3.3222001,4.1652002,9.9688997,5.6364002,3.6684999,1.8789001,8.5368004,,2.9793999,,4.1616001,2.9258001,1.7013,3.9979999,2.3362999,3.9052999,4.7659001,,5.1907001,,3.4677
4.3179002,3.7541001,4.1641998,,6.9407001,6.7375002,10.911,6.5394001,14.9461,10.4656,5.2749,2.3385,10.0017,6.9586,13.0717,,12.3597,3.3947001,6.4857001,3.3550999,4.2600999,10.143,5.7112002,3.7070999,1.9023,8.6854,,3.0534999,,4.2405,2.9667001,1.7209001,4.1033001,2.3668001,3.9433999,4.9141998,,5.5678,,3.5128
4.3537998,3.779,4.3396001,,6.9849,6.8031998,10.9774,6.7371001,,10.5607,5.3341999,2.3698001,10.1938,7.0043998,13.168,,12.4273,3.4937999,6.5373998,3.3941,4.3056998,10.3426,5.7972002,3.7498,1.9414999,8.7986002,,3.0933001,,4.2967,3.0072,1.7451,4.1348,2.3813,3.9863999,4.9780002,,5.5767999,,3.5632999
4.3891001,3.8668001,4.3778,,7.0275998,6.9263,11.1943,6.8511,,10.5999,5.3676,2.4531,10.5973,7.1588001,13.2851,,12.4966,3.5453,6.5988998,3.4888,4.3497,10.5385,5.8848,3.7907,1.9703,8.9214001,,3.1375999,,4.348,3.0555,1.7661,4.1680002,2.4043,4.0732002,5.1114998,,5.5935001,,3.6428001
4.8646998,3.9047,4.5853,,7.1566,6.9857001,11.387,6.9326,,10.67,5.5153999,2.4874001,11.0083,7.1848001,13.3935,,12.5998,3.5899,6.6725001,3.5236001,4.3923001,10.6016,5.9617,3.8696001,1.9974999,9.0811996,,3.1767001,,4.4032998,3.0971,1.7918,4.2028999,2.5387001,4.1163001,5.1739001,,5.7086,,3.6839001
4.8762002,3.9424,4.7470999,,7.2069001,7.1346998,11.4736,7.0689001,,10.764,5.5672002,2.5172999,11.1654,7.3362999,13.6148,,12.6593,3.6961,6.7445002,3.5583999,4.4650002,10.7737,6.0532999,3.9126,2.1533999,9.1461,,3.2809,,4.4748001,3.1393001,1.8118,4.3111,2.5589001,4.1594,5.3045001,,5.7219,,3.7283001
4.8972001,3.9723001,4.7933998,,7.3439002,7.3104,11.5905,7.1542001,,10.8448,5.6652999,2.5431001,11.5373,7.3627,13.636,,12.7692,3.7451,6.7934999,3.5955,4.5109,10.9557,6.1409998,3.9479001,2.1821001,9.3299999,,3.3092,,4.5295,3.184,1.8594,4.3421001,2.576,4.2044001,5.3532,,5.7402,,3.7821
4.9200001,4.0019999,4.9882998,,7.3899002,7.3587999,11.7474,7.2567,,10.9017,5.7045999,2.5713,11.7784,7.5609999,13.7071,,12.8562,3.7969999,6.8453999,3.6800001,4.5661001,11.1696,6.2182002,3.9848001,2.3671,9.4745998,,3.3476,,4.5895,3.2237999,1.886,4.3848,2.5985,4.2818999,5.5050998,,5.7577,,3.8218999
4.9489999,4.1424999,5.1908998,,7.5567999,7.5110998,11.9183,7.3132,,10.9898,5.7451,2.6027999,11.9348,7.7119002,13.8629,,12.9748,3.9001999,6.8951001,3.7156999,4.6566,11.5218,6.2990999,4.0604,2.3992,9.5488005,,3.3931,,4.6806002,3.2672,1.9124,4.507,2.7119999,4.3246999,5.5664001,,5.7774,,3.859
4.9811001,4.1690998,5.5317001,,7.7533998,7.7010002,12.0305,7.3716998,,11.1076,5.7947998,2.6549001,11.9918,7.9189,13.8789,,13.0634,3.9449999,6.9566998,3.7555001,4.7104998,11.7122,6.3862,4.0918002,2.5344999,9.7027998,,3.4473,,4.7375998,3.3062999,1.9353,4.5407,2.7277,4.3662,5.6879001,,5.8031998,,3.8999
5.0727,4.3165998,5.7206001,,7.7957001,7.7554002,12.137,7.4512,,11.1862,5.8723001,2.6863,12.031,7.9885001,14.0168,,13.123,3.9911001,7.0299001,3.7957001,4.7543001,11.9636,6.4721999,4.1294999,2.5685,9.7770996,,3.4737,,4.7862,3.3471999,1.9681,4.5737,2.7514,4.4742999,5.7371001,,6.1131001,,3.9417
5.1013999,4.3519001,5.7988,,7.9405999,7.8990002,12.1965,7.4987001,,11.2544,5.9484,2.717,12.0951,8.1555996,14.1462,,13.247,4.0939999,7.0907001,3.8789999,4.7961001,12.0263,6.5478001,4.1708002,2.5945001,9.8853998,,3.5342,,4.8497,3.3866999,1.99,4.6054001,2.7739,4.5132999,5.7912002,,6.1243,,3.9869001
5.1300998,4.3917999,5.9523001,,7.9916,7.9735999,12.2773,7.5467,,11.306,5.9972,2.7478001,12.1366,8.1949997,14.2857,,13.3113,4.1402001,7.1539001,3.908,4.8618999,12.0808,6.6197,4.2551999,2.7279999,9.9735003,,3.5713,,4.8923001,3.4361999,2.1921,4.7129998,2.8037,4.5576,5.9095998,,6.1396999,,4.0345001
5.2779002,4.4779,5.9896002,,8.1485004,8.0945997,12.4083,7.6556001,,11.4311,6.1149001,2.7774999,12.1934,8.3048,14.4124,,13.3897,4.1875,7.2330999,3.9542,4.914,12.1389,6.7044001,4.2851,2.7672999,10.1268,,3.6661,,4.9477,3.4756999,2.2049,4.7480998,2.9143,4.5981002,5.9773002,,6.1545,,4.0783
5.2996998,4.5093002,6.0764999,,8.1887999,8.1616001,12.5733,7.7356,,11.4951,6.1672001,2.8059001,12.2429,8.3599005,14.5301,,13.4892,4.296,7.2933998,3.9923,4.9727998,12.2066,6.7774,4.3253002,2.8018999,10.3394,,3.6984,,5.0058999,3.5174,2.3245001,4.7838001,2.9298999,4.671,6.0904999,,6.1725001,,4.1188002
5.342,4.5386,6.1117001,,8.3379002,8.2978001,12.7259,7.796,,11.5677,6.2665,2.8561001,12.2747,8.3959999,14.7198,,13.5515,4.3450999,7.3448,4.0854998,5.0612001,12.2549,6.8522,4.3635998,2.9164,10.4947,,3.7349999,,5.0770001,3.5557001,2.3381,4.8951998,2.957,4.7150998,6.1441998,,6.1935,,4.1605
5.6016002,4.5704999,6.1458001,,8.5436001,8.3494997,12.8579,7.9790001,,11.6635,6.2961001,2.8887,12.3141,8.5756998,14.88,,13.6336,4.3871999,7.4159999,4.1145,5.1051002,12.3227,6.9368,4.4054999,2.9461999,10.5994,,3.7774999,,5.1296,3.5999,2.3519001,4.9355001,2.9900999,4.7575002,6.3147001,,6.4949002,,4.2048001
5.6978998,4.6059999,6.1862001,,8.5882998,8.4047003,12.9857,8.1520004,,11.7625,6.3625998,2.9172001,12.3502,8.6048002,14.9499,,13.7678,4.4877,7.4653001,4.1497002,5.1487999,12.3727,7.0289998,4.4738998,2.9746001,10.6875,,3.8473001,,5.1939001,3.6468999,2.3687999,4.9706001,3.1157,4.8055,6.3908,,6.5054002,,4.2554998
5.7131,4.7079,6.3400998,,8.7056999,8.4979,13.0563,8.2370005,,11.8778,6.4029999,2.9458001,12.3834,8.7442999,,,13.8261,4.5409999,7.5317001,4.1889,5.2017999,12.4574,7.1121998,4.5089998,3.0020001,10.8939,,3.904,,5.2677002,3.6875,2.3803,4.9997001,3.1352,4.8832002,6.5096002,,6.5191998,,4.2996001
5.7540002,4.7333002,6.3807001,,8.7523003,8.5445004,13.1849,8.3372002,,11.9725,6.4916,2.9763,12.424,8.9554005,,,13.8814,4.5857,7.5795999,4.2758002,5.2659998,12.5071,7.1915998,4.5511999,3.1194,10.975,,3.9377999,,5.3225999,3.7246001,2.7103,5.0946999,3.1531999,4.9260998,6.5598998,,6.5381999,,4.3497
5.7859001,4.7659001,6.3989,,8.9246998,8.71,13.2628,8.4695997,,12.0251,6.5359998,3.0062001,12.4789,8.9980001,,,13.937,4.6890001,7.6378999,4.3042998,5.3182998,12.5628,7.2712002,4.5963998,3.1492,11.0762,,3.9906001,,5.3779001,3.7657001,2.7196,5.1286001,3.1761999,4.9710002,6.6945,,6.5559001,,4.3961
5.8513999,4.7941999,6.5102,,8.9671001,8.7701998,13.351,8.5548,,12.071,6.6753001,3.0592,12.517,9.1461,,,14.0277,4.7381001,7.6912999,4.3417001,5.3615999,12.6313,7.3846998,4.6619,3.1754,11.1689,,4.0599999,,5.4596,3.8031001,2.7291,5.1567001,3.1975,5.0748,6.7610002,,6.5785999,,4.4379001
5.8724999,4.9221001,6.5120001,,9.1378002,8.9083996,13.4218,8.7283001,,12.1441,6.7223001,3.0897,12.555,9.2083998,,,14.1239,4.7803998,7.7488999,4.3766999,5.4551001,12.6987,7.4889002,4.6971002,3.3136001,11.2817,,4.0925002,,5.5195999,3.8489001,2.7398,5.1928,3.3027,5.1219001,6.8922,,6.5995998,,4.4794002
5.9390001,4.9538999,6.5574002,,9.1919003,8.9583998,13.5447,8.8107996,,12.1982,6.7797999,3.1206999,12.5994,9.3241997,,,14.2425,4.8937001,7.7852998,4.4698,5.5026999,12.7856,7.5841999,4.737,3.3478999,11.3879,,4.1517,,5.5704999,3.8855,2.7509,5.2883,3.3271999,5.1624999,6.9640999,,6.7737002,,4.5208998
5.9773002,4.9913001,6.6037002,,9.3551998,9.0900002,13.6467,8.8789997,,12.2996,6.9061999,3.1533,12.6358,9.3761997,,,14.2952,4.9386001,7.8673,4.5095,5.5527,12.8453,7.6890998,4.7765999,3.3757999,11.4732,,4.2026,,5.6501002,3.9228001,2.7653,5.3285999,3.3462999,5.2031999,7.1231999,,6.7862,,4.5581999
6.2693,5.1483002,6.7406001,,9.4054003,9.1436005,13.7294,9.0036001,,12.3774,6.9454002,3.1847999,12.6431,9.5171003,,,14.3686,4.9931998,7.9468002,4.5409999,5.5987,12.9116,7.8214002,4.8529,3.5262001,11.5763,,4.2858,,5.6999998,3.9588001,2.7767999,5.3625998,3.368,5.2823,7.1704998,,6.8042998,,4.5976
6.2832999,5.1760998,6.7921,,9.5333004,9.1969995,13.814,9.1554003,,12.4722,7.0039001,3.2249999,12.6717,9.6029997,,,14.4143,5.0904002,7.9910002,4.5748,5.6631999,12.9701,7.9348998,4.8889999,3.5532999,11.6817,,4.3235998,,5.7511001,3.9962001,2.7874,5.3934002,3.3921001,5.3313999,7.2982998,,6.9260998,,4.6352
6.3007002,5.2377,6.9242001,,9.5826998,9.2895002,13.9285,9.2588997,,12.5272,7.0900002,3.2418001,12.7049,9.7259998,,,14.556,5.1461,8.0398998,4.6817999,5.7258,13.0327,8.0415001,4.9252,3.5811,11.7747,,4.3636999,,5.8042002,4.0440001,2.7976,5.4984002,3.5288999,5.3786998,7.3579001,,6.9397001,,4.6810999
6.3256998,5.2796998,6.9632001,,9.7229004,9.3374004,13.9938,9.3881998,,12.6009,7.1401,3.2704,12.7534,9.7946997,,,14.6035,5.1939998,8.1029997,4.7126999,5.7751999,13.0943,8.1213999,4.9579,3.7044001,11.9227,,4.3971,,5.8779001,4.0833998,2.9609001,5.5324998,3.5495999,5.493,7.4980001,,6.9548001,,4.7224998
6.3723998,5.323,6.9828,,9.7656002,9.5088997,14.0937,9.4856997,,12.7149,7.1912999,3.2997,12.7852,9.9415998,,,14.6868,5.2872,8.1515999,4.7470999,5.8477998,13.2032,8.2224998,4.9997001,3.7379,12.0348,,4.4597998,,5.9326,4.1230001,2.9702001,5.5654001,3.5771999,5.5376,7.566,,6.98,,4.763
6.5321002,5.3628001,7.0018001,,9.8924999,9.5853996,14.2035,9.5726995,,12.7997,7.3081002,3.3348,12.823,9.9935999,,,14.7484,5.3371,8.2021999,4.7786002,5.8986001,13.2747,8.3128996,5.0665998,3.7677,12.1181,,4.5223999,,5.9949002,4.1608,2.9821,5.6025,3.6038001,5.5797,7.6915998,,7.0039001,,4.8119001
6.5457001,5.3996,7.1157999,,9.9354,9.6969004,14.3441,9.6950998,,12.9027,7.3565998,3.3641,12.8605,10.1607,,,14.8185,5.3822999,8.2566996,4.8715,5.9524002,13.368,8.4036999,5.1047001,3.7925,12.2035,,4.5565,,6.0745001,4.1985998,2.9942,5.7059002,3.723,5.6854,7.7377,,7.1286001,,4.8533001
6.5672002,5.4840999,7.1585999,,9.9703999,9.7533998,14.4483,9.7805996,,13.0142,7.3951998,3.3885,12.8919,10.3276,,,14.8585,5.4832001,8.3062,4.9099002,6.0703001,13.4448,8.5044003,5.1426001,3.9154,12.3408,,4.5795999,,6.1367002,4.2424998,3.0062001,5.7550998,3.7414,5.7279,7.8067999,,7.1417999,,4.947
6.5978999,5.5151,7.2038999,,10.1122,9.8810997,14.6065,9.8341999,,13.1261,7.4843998,3.3949001,12.9182,10.3914,,,14.9413,5.5316,8.3614998,4.9468002,6.1170998,13.5124,8.5921001,5.1890998,3.9437001,12.4343,,4.6279998,,6.1894999,4.2834001,3.1499,5.9015002,3.7688,5.7719002,7.9148998,,7.1615,,4.9902
6.6736002,5.5464001,7.3237,,10.1517,9.9567003,14.7587,10.0037,,13.2386,7.5344,3.454,12.9601,10.5543,,,14.9918,5.5781999,8.4029999,4.9815998,6.1622,13.5747,8.6826,5.2642002,3.9702001,12.5291,,4.6286001,,6.2691002,4.3227,3.1633999,5.9411001,3.9159,5.8684001,7.9756999,,7.1905999,,5.0331998
6.7020001,5.5776,7.3593998,,10.195,10.1008,14.8851,10.1072,,13.2888,7.6016002,3.4795001,13.002,10.726,,,,5.6884999,8.4542999,5.0762,6.2618999,13.6428,8.7883997,5.3035002,3.9985001,12.6283,,4.6592002,,6.3270998,4.3625002,3.1760001,5.9791999,3.9377999,5.9177999,8.1329002,,7.3498001,,5.0777998
6.7568998,5.7533002,7.3957,,10.308,10.1603,14.9964,10.1784,,13.3872,7.6925998,3.4835999,13.0389,10.7971,,,,5.7316999,8.5345001,5.1093001,6.3129001,13.6914,8.8957996,5.3369999,4.1094999,12.7124,,4.6953001,,6.3797002,4.4036999,3.1875,6.1011,3.9665999,5.9646001,8.1898003,,7.3627,,5.1230001
6.7803998,5.7877002,7.4966998,,10.3568,10.2911,,10.2614,,13.5312,7.7940001,3.5088,13.0719,10.9713,,,,5.7757001,8.5808001,5.1462002,6.3576999,13.7572,8.9980001,5.3691001,4.1413999,12.7836,,4.7294002,,6.4752002,4.4495001,3.2779,6.1362,4.1763,6.0075002,8.3119001,,7.3815999,,5.1595998
6.8994999,5.9032998,7.5163999,,10.4892,10.3394,,10.3061,,13.6942,7.8817,3.5357001,13.1049,11.0855,,,,5.8863001,8.6315002,5.1849999,6.4569001,13.8236,9.0970001,5.4520998,4.1658001,12.8751,,4.7761998,,6.5324998,4.4903002,3.2953999,6.1714001,4.1995001,6.0612998,8.3914003,,7.4017,,5.1966
6.9254999,5.9348998,7.5537,,10.5232,10.4034,,10.3826,,13.8163,7.9313998,3.5659001,13.1488,11.1542,,,,5.9288001,8.6829004,5.2828002,6.5123,13.8803,9.1815004,5.4839001,4.1919999,12.9536,,4.8035002,,6.5906,4.5314999,3.3123,6.2028999,4.3249998,6.0943999,8.5214005,,7.5650001,,5.2385998
7.0046,5.9745998,7.5825,,10.5763,10.5101,,10.498,,13.9565,8.0726995,3.5991001,13.1859,11.3204,,,,5.9712,8.7505999,5.3178,6.5662999,13.978,9.2733002,5.5242,4.3021002,13.0452,,4.8625998,,6.6643,4.5727,3.3274,6.3192,4.3406,6.1416001,8.5841999,,7.5798001,,5.2786999
7.0613999,6.1040001,7.7196999,,10.7137,10.5836,,10.5942,,14.0437,8.1133003,3.6501,13.2165,11.3813,,,,6.0924001,8.8023005,5.3561001,6.6529002,14.0745,9.3713999,5.5620999,4.3344002,13.1599,,4.8958998,,6.7164001,4.619,3.3431001,6.3601999,4.3579001,6.191,8.6777,,7.5963998,,5.3155999
7.2982998,6.1346002,7.7602,,10.7544,10.686,,10.7477,,14.1467,8.1571999,3.6786001,13.2629,11.5538,,,,6.1381998,8.8741999,5.3948002,6.7000999,14.1335,9.4694996,5.6032,4.3649998,13.2323,,4.9322,,6.7786999,4.6574001,3.3599,6.5015998,4.3779001,6.2807999,8.7754002,,7.7237,,5.3566999
7.3141999,6.1647,7.8028002,,10.9322,10.758,,10.8526,,14.2837,8.1962996,3.7089,13.2981,11.6067,,,,6.1816001,8.9403,5.4755998,6.7438002,14.199,9.5653,5.6714001,4.3955002,13.3292,,4.9794998,,6.8737001,4.6985998,3.3763001,6.5363002,4.5597,6.3297,8.9017,,7.7417998,,5.3971
7.3678002,6.1868,7.9347,,10.9766,10.8056,,10.9724,,14.3697,8.2756996,3.7375,13.3325,11.7293,,,,6.2859998,9.0044003,5.5098,6.7921,14.2729,9.6721001,5.7097998,4.5036001,13.4223,,5.0777001,,6.9281998,4.7416,3.3943999,6.5816002,4.5802002,6.3706999,8.9632998,,7.7617002,,5.4359002
7.395,6.2937002,7.9773002,,11.0984,10.9037,,11.0783,,14.4933,8.3295002,3.7750001,13.3661,11.94,,,,6.3388,9.0565996,5.5451999,6.8656001,14.354,9.7690001,5.7460999,4.5300002,13.5198,,5.1005998,,6.9815001,4.7821002,3.5246999,6.7047,4.5987,6.4762998,9.1054001,,7.7841001,,5.4787002
7.6996999,6.3224001,8.0959997,,11.1347,10.9814,,11.1372,,14.6143,8.3908997,3.8055999,13.405,12.0465,,,,6.3779998,9.1061001,5.5819998,6.9187002,14.4093,9.8459997,5.7866998,4.5573001,13.6199,,5.1388001,,7.0625,4.8292999,3.5381,6.7467999,4.7284002,6.5134001,9.1823997,,7.9056001,,5.5324998
7.7147002,6.3618999,8.1253004,,11.1794,11.0952,,11.2506,,14.6984,8.4898005,3.8591001,13.4317,12.1084,,,,6.4768,9.1562996,5.6708002,6.9709001,14.4681,9.9376001,5.8659,4.5869002,13.712,,5.1675,,7.1148,4.8716998,3.55,6.7831998,4.7532001,6.5565,9.3111,,7.9221001,,5.5696001
7.7392001,6.3867002,8.1542997,,11.2989,11.1529,,11.3647,,14.8168,8.5529003,3.8877001,13.465,12.1729,,,,6.5218,9.2319002,5.7089,7.0579,14.5277,10.0503,5.9075999,4.7013998,13.8447,,5.2020998,,7.1777,4.9147,3.5632999,6.8909998,4.7796998,6.5997,9.3809004,,7.9401999,,5.6099
7.7610002,6.4952002,8.1871996,,11.3337,11.1985,,11.4969,,14.8284,8.5963001,3.9215,13.4982,12.2486,,,,6.5620999,9.2763996,5.7449002,7.1026001,14.6155,10.1492,5.9552999,4.7377,13.9388,,5.2684002,,7.2491999,4.9533,3.5782001,6.9275999,4.7947001,6.6852999,9.5170002,,7.9674001,,5.6518002
7.7929001,6.526,8.3249998,,11.3712,11.3075,,11.5902,,14.9688,8.6870003,3.9593,13.5408,12.3103,,,,6.6061001,9.3416004,5.7841001,7.1373,14.6802,10.2578,5.9893999,4.7708001,14.0999,,5.3016,,7.3025999,4.9945998,3.7456,6.9619999,4.9464002,6.7294002,9.5733004,,7.9914999,,5.6943998
7.9405999,6.5611,8.3739996,,11.5178,11.3547,,11.6566,,,8.7718,3.9955001,13.5837,12.4074,,,,6.6963,9.3799,5.8677001,7.1901999,14.7435,10.3557,6.0644002,4.8017998,14.2189,,5.3295002,,7.3589001,5.0409002,3.7585001,7.1145,4.9632001,6.7768998,9.7097998,,8.1428003,,5.7319999
7.9619002,6.598,8.4921999,,11.5621,11.498,,11.7965,,,8.8795004,4.0507002,13.6224,12.4664,,,,6.7444,9.4336004,5.9011998,7.2642999,14.7953,10.4422,6.1012001,4.9070001,14.3096,,5.3674002,,7.4591999,5.0853,3.7718,7.1475,4.9812999,6.8766999,9.7628002,,8.1608,,5.7747002
7.9937,6.7444,8.5361004,,11.6044,11.5551,,11.8524,,,8.9183998,4.0829,13.6583,12.5465,,,,6.7880998,9.4914999,5.9418001,7.3179002,14.8524,10.5212,6.1343002,4.9334002,14.4159,,5.4026999,,7.5116,5.1327,3.7862,7.3092999,5.0029001,6.9268999,9.8957005,,8.1857996,,5.8147001
8.0879002,6.7715998,8.5683002,,11.7372,11.5987,,11.8957,,,8.9566002,4.1134,13.6908,12.6342,,,,6.8842001,9.5579996,5.9770999,7.3712001,14.9047,10.6344,6.1775999,4.9577999,14.4988,,5.4561,,7.5616002,5.1714001,3.7994001,7.3592,5.1588998,6.9721999,9.9926996,,8.2061005,,5.8533001
8.1162004,6.8060002,8.6166,,11.7841,11.7278,,11.9246,,,8.9981003,4.1392999,13.7256,12.6799,,,,6.9419999,9.6337004,6.0742998,7.4633002,14.9658,10.7358,6.2659001,4.9882002,14.583,,5.4935999,,7.6325998,5.2182002,3.9098001,7.3882999,5.1752,7.0773001,10.128,,8.3449001,,5.9496002
8.1356001,6.9456,8.7066002,,11.9248,11.7857,,11.9905,,,9.0720997,4.1669998,13.7565,12.7466,,,,6.9826002,9.6835003,6.1073999,7.5096002,,10.8183,6.3003998,5.0938001,14.6807,,5.5286002,,7.6845002,5.2567,3.9217,7.5198002,5.1960001,7.1241002,10.2799,,8.3606997,,5.9906001
8.1626997,6.9735999,8.7391005,,11.9683,11.9179,,12.0659,,,9.1171999,4.1960001,13.787,12.804,,,,7.0764999,9.7458,6.1420002,7.5553999,,10.8957,6.3422999,5.1248999,14.7919,,5.5686998,,7.7321,5.2982998,3.9363,7.5583,5.3182001,7.1655998,10.3576,,8.3830004,,6.0293999
8.6602001,7.0683999,8.7744999,,12.0108,11.9886,,12.1629,,,9.1652002,4.2465,13.8311,12.8839,,,,7.1431999,9.7999001,6.1724,7.6708002,,10.9845,6.3891001,5.1598001,14.8728,,5.6079001,,7.7845998,5.3428998,3.9507,7.599,5.3358002,7.2715001,10.5074,,8.5206003,,6.0721998
8.6920004,7.0936999,8.9112997,,12.0458,12.046,,12.3365,,,9.2743998,4.2781,13.8609,12.9787,,,,7.1890998,9.8514004,6.2635999,7.7205,,11.0794,6.4748998,5.1917,14.955,,5.6539998,,7.8565998,5.3831,3.9668,7.7199998,5.3564,7.3225999,10.5802,,8.5382996,,6.1224999
8.7097998,7.1357002,8.9519997,,12.0921,12.1122,,12.4731,,,9.3168001,4.3052001,13.8943,13.0584,,,,7.3209,9.8994999,6.3045998,7.7649002,,11.1466,6.5099001,5.2915001,,,5.6831999,,7.9052,5.4362998,3.9826,7.7463999,5.5187998,7.3645,10.7057,,8.5565996,,6.1732001
8.7440996,7.1775999,8.9898005,,12.143,12.1851,,12.5296,,,9.3702002,4.3339,13.9255,13.1346,,,,7.3724999,9.9702997,6.3392,7.8518,,11.2303,6.5457001,5.3189998,,,5.7153001,,7.9561,5.4749999,3.997,7.7737999,5.5381999,7.4678998,10.7718,,8.5741997,,6.2147002
8.8023005,7.2958002,9.1124001,,12.1875,12.2574,,12.5999,,,9.4765997,4.3663998,13.9644,13.1886,,,,7.4899001,10.0475,6.3729,7.9085999,,11.3279,6.5942001,5.3436999,,,5.7445002,,8.0032997,5.5153999,4.1185999,7.8999,5.5657001,7.5228,10.906,,8.6015997,,6.2596002
8.9055004,7.3383999,9.1483002,,12.2382,12.3241,,12.6906,,,9.5281,4.3947001,14.0029,13.2265,,,,7.5363998,10.0947,6.4681001,7.9607,,11.4084,6.6696,5.3842001,,,5.7679,,8.0695,5.5562,4.1327,7.9369998,5.7223001,7.5735998,10.9643,,8.7588997,,6.3031998
8.9661999,7.3766999,9.1861,,12.2781,12.3765,,12.7651,,,9.6039,4.4473,14.043,13.2924,,,,7.5876999,10.1559,6.4995999,8.0080004,,11.5029,6.7128,5.4893999,,,5.8467002,,8.1176004,5.5943999,4.1464,7.9724002,5.7389002,7.6652002,11.1133,,8.7730999,,6.3519001
9.0956001,7.4589,9.2568998,,12.3162,12.4288,,12.8279,,,9.6977997,4.4733,14.0891,13.3464,,,,7.6801,10.2348,6.5370002,8.0753002,,11.5874,6.7466998,5.5151,,,5.8758998,,8.1636,5.6434002,4.1616001,8.0931997,5.7554998,7.7133002,11.1573,,8.7955999,,6.4018998
9.1143999,7.5071998,9.3533001,,12.3662,12.4812,,12.9487,,,9.7581997,4.5005002,14.1195,13.4104,,,,7.7231002,10.2816,6.5749002,8.1329002,,11.675,6.7788,5.5507998,,,5.9123001,,8.2503004,5.6827998,4.1771998,8.1273003,5.7719002,7.7572999,11.3113,,8.9511995,,6.4516001
9.1552,7.5426998,9.3931999,,12.4185,12.533,,13.0763,,,9.8031998,4.5184999,14.1524,13.5128,,,,7.7649999,10.3428,6.6666999,8.1774998,,11.7574,6.8649998,5.5784998,,,5.9685998,,8.3114004,5.7252998,4.1921,8.1608,5.9152002,7.7995,11.3714,,8.9685001,,6.4959002
9.1814003,7.5833001,9.5099001,,12.466,12.5855,,13.1506,,,9.8986998,4.5293002,14.1862,13.5582,,,,7.8051,10.3922,6.6982999,8.2699003,,11.8344,6.8983998,5.6978998,,,6.0018001,,8.3730001,5.7628002,4.2842002,8.1934996,5.941,7.8799,11.531,,8.9861002,,6.5447998
9.2020998,7.6868,9.5398998,,12.5125,12.6274,,13.2175,,,9.9273996,4.5620999,14.2214,13.6357,,,,7.8859,10.4491,6.7344999,8.3174,,11.945,6.9345999,5.723,,,6.0874,,8.4713001,5.8046999,4.2975001,8.3184996,5.9741001,7.9120998,11.6027,,8.9997997,,6.5943999
9.3008003,7.7108998,9.5753002,,12.5588,12.716,,13.3413,,,9.9976997,4.5886002,14.2671,13.6974,,,,7.9355001,10.5042,6.7694998,8.3682003,,12.0267,6.9748001,5.7494998,,,6.1273999,,8.5237999,5.8555999,4.3105001,8.3586998,6.0050001,7.954,11.7594,,9.1399002,,6.6430001
9.3283005,7.7358999,9.6948996,,12.6042,12.7745,,13.4689,,,10.0708,4.6387,14.2983,13.7426,,,,7.9808002,10.5605,6.8698001,8.4530001,,12.1154,7.0553002,5.7893,,,6.1771998,,8.5767002,5.8948998,4.3237,8.5220003,6.1205001,7.9963002,11.8759,,9.1559,,6.6838999
9.3691998,7.7785001,9.7325001,,12.6545,12.8393,,13.566,,,10.1203,4.6462002,14.3369,13.8213,,,,8.0839996,10.5973,6.9004998,8.5067997,,12.2074,7.0924001,5.8986001,,,6.2042999,,8.6890001,5.9324002,4.3388,8.5727997,6.1416001,8.0763998,11.9427,,9.1803999,,6.7270002
9.3889999,7.8996,9.7643003,,12.6992,12.8954,,13.6756,,,10.2081,4.6777,14.3679,13.875,,,,8.1259003,10.6665,6.9372001,8.5480003,,12.2958,7.1293001,5.9285002,,,6.2688999,,8.7372999,5.9731998,4.3554001,8.7066002,6.1760998,8.1216002,12.0105,,9.3276997,,6.7686
9.6019001,7.9338002,9.8863001,,12.7471,12.9512,,13.7462,,,10.2906,4.7104998,14.4093,13.9368,,,,8.1709995,10.7388,6.9906001,8.5983,,12.3663,7.1665001,5.9545999,,,6.3218002,,8.7916002,6.0243001,4.3722,8.7395,6.2017002,8.1638002,12.068,,9.3416004,,6.8067999
9.6608,7.9696999,9.9357004,,12.7886,13.01,,13.8375,,,10.4086,4.7477002,14.4427,14.015,,,,8.2767,10.7899,7.0770998,8.6673002,,12.4556,7.1988001,5.9783001,,,6.3677001,,8.8640003,6.0630002,4.3887,8.7791996,6.3211002,8.2624998,12.118,,9.3612003,,6.8453999
9.6961002,8.0030003,9.9764004,,12.8284,13.066,,13.9172,,,10.4708,4.7795,14.4935,14.0767,,,,8.3224001,10.8553,7.1062999,8.7140999,,12.538,7.2695999,6.0946002,,,6.3994002,,8.9129,6.1039,4.4061999,8.8886003,6.3455,8.2993002,12.1934,,9.3841,,6.8924999
10.2086,8.1110001,10.0951,,12.8728,13.1211,,14.0169,,,10.5091,4.8052001,14.5535,14.1268,,,,8.3646002,10.9246,7.1419001,8.7608004,,12.6325,7.2992001,6.1230998,,,6.4657001,,8.9597998,6.1475,4.5058999,8.9296999,6.3720999,8.3375998,12.2663,,9.5293999,,6.9366999
10.2792,8.1521997,10.1235,,12.9257,13.178,,14.1327,,,10.5589,4.8460002,14.589,14.2236,,,,8.4060001,10.9814,7.1743002,8.8053999,,12.7075,7.3372002,6.1563001,,,6.5103998,,9.0438995,6.1883998,4.5219998,8.9624996,6.4066,8.3803997,12.3373,,9.5414,,6.9796
10.2925,8.1927996,10.1573,,12.9773,13.2123,,14.2114,,,10.6775,4.8758001,14.6198,14.2751,,,,8.4981003,11.0422,7.2642999,8.8753996,,12.7957,7.3759999,6.1841002,,,6.5362,,9.0942001,6.2354999,4.5377002,8.9892998,6.5152001,8.4764996,12.3827,,9.5579996,,7.0314002
10.3352,8.3220997,10.1997,,13.0381,13.2643,,14.3122,,,10.7255,4.9056001,14.6487,14.3264,,,,8.5445004,11.1179,7.2919002,8.9184999,,12.8814,7.4552002,6.2988,,,6.5647998,,9.1434002,6.2757001,4.5545998,9.0995998,6.5468998,8.5193005,12.4344,,9.5783005,,7.0679998
10.3505,8.3568001,10.2974,,13.0797,13.3155,,14.433,,,10.7789,4.9338002,14.6856,14.3808,,,,8.5887003,11.175,7.3255,8.9595003,,12.9696,7.4864001,6.3281999,,,6.5998998,,9.1966,6.3154998,4.5696001,9.1471996,6.5770998,8.5597,12.4825,,9.5965996,,7.1145
10.3676,8.3900003,10.3451,,13.1195,13.3661,,14.4955,,,10.8948,4.9657001,14.727,14.4665,,,,8.6821003,11.2191,7.3590002,9.0670004,,13.0513,7.5244999,6.3590002,,,6.6592002,,9.2856998,6.3607001,4.5837998,9.1877003,6.7024999,8.6047001,12.5408,,9.8050003,,7.1602998
10.3896,8.4707003,10.3905,,13.1641,13.425,,14.5889,,,10.953,4.9958,14.7764,14.5021,,,,8.7327003,11.2653,7.3906999,9.1247997,,13.1321,7.5637999,6.3905001,,,6.6900001,,9.3443003,6.4046001,4.5984998,9.2964001,6.7291999,8.6847,12.6111,,10.1073,,7.2104001
10.4697,8.4928999,10.5132,,13.2179,13.4796,,14.6802,,,11.0703,5.0511999,14.8155,14.5633,,,,8.7768002,11.3343,7.4745002,9.1695004,,13.2049,7.5966001,6.494,,,6.7161999,,9.3983002,6.4533,4.7065001,9.3318996,6.7551999,8.7198,12.6902,,10.1165,,7.2564998
10.5017,8.5159998,10.5593,,13.2637,13.5529,,14.8133,,,11.1207,5.0806999,14.8605,14.5995,,,,8.8772001,11.3897,7.5139999,9.2571001,,13.3121,7.6771002,6.5253,,,6.7697001,,9.4776001,6.4944,4.7220001,9.3668003,6.7788,8.7587996,12.7461,,10.1295,,7.3042002
10.5263,8.5503998,10.6029,,13.3112,13.6162,,14.8843,,,11.1963,5.1097999,14.9035,14.6551,,,,8.9216003,11.4443,7.5532999,9.3029003,,13.4053,7.7117,6.5545998,,,6.8635001,,9.5295,6.5365,4.7382002,9.3899002,6.8958001,8.8028002,12.8163,,10.1479,,7.3452001
10.5911,8.5757999,10.7096,,13.3529,13.6878,,14.9323,,,11.3113,5.1385999,14.9509,14.7394,,,,8.9624004,11.5069,7.5964999,9.3542004,,13.4812,7.7463999,6.5776,,,6.9052,,9.5825005,6.5840001,4.7596002,9.5017004,6.9194002,8.8877001,12.8745,,10.1653,,7.3990998
10.6698,8.6468,10.7526,,13.3869,13.7559,,14.9705,,,11.3479,5.1672001,,14.7858,,,,9.0915003,11.5684,7.6724,9.4780998,,13.5441,7.7886,6.6961002,,,6.9568,,9.6809998,6.6345,4.7764001,9.5544004,6.9475999,8.9296999,12.9345,,10.1974,,7.4407001
10.725,8.6964998,10.7875,,13.4276,13.8221,,,,,11.4655,5.1947999,,14.8291,,,,9.1500998,11.6239,7.7048998,9.5200005,,13.6129,7.8692999,6.7330999,,,6.9987998,,9.7390003,6.6739998,4.7951002,9.5971003,6.9818001,8.9733,13.0017,,10.3739,,7.4843998
10.7678,8.7299004,10.903,,13.4662,13.9042,,,,,11.5204,5.2438998,,14.8885,,,,9.2028999,11.6833,7.7427001,9.5656996,,13.6902,7.8965998,6.7743001,,,7.0655999,,9.7891998,6.7179999,4.9099998,9.7028999,7.0925002,9.0819998,13.0605,,10.3913,,7.5237999
10.7991,8.7712002,10.9427,,13.5023,13.9606,,,,,11.6651,5.2718,,14.9596,,,,9.2881002,11.7365,7.7737999,9.6518002,,13.7532,7.9348001,6.8875999,,,7.0929999,,9.8870001,6.7610002,4.9250002,9.7602997,7.1104002,9.1268997,13.1141,,10.488,,7.5682001
10.9207,8.8097,10.9787,,13.5507,14.0281,,,,,11.7265,5.2969999,,,,,,9.3332005,11.7949,7.8055,9.6985998,,13.8339,7.9748998,6.9263,,,7.1341,,9.9475002,6.8045001,4.9418001,9.9048996,7.1479001,9.1718998,13.1661,,10.5035,,7.6139998
10.9491,8.9190998,11.0861,,13.5973,14.0902,,,,,11.7912,5.3263001,,,,,,9.3718004,11.8525,7.8838,9.7507,,13.9226,8.0529003,6.9587002,,,7.1581001,,10.0045,6.8548999,4.9562998,9.9588003,7.1728001,9.2687998,13.2413,,10.5242,,7.6461
10.9963,8.9545002,11.1223,,13.6409,14.1605,,,,,11.871,5.3576999,,,,,,9.4736004,11.8994,7.9211998,9.7994003,,14.0067,8.0902996,6.9892001,,,7.1940999,,10.0766,6.8985,4.9705,9.9933996,7.1933999,9.3122997,13.2874,,10.5413,,7.6898999
11.1933,8.9783001,11.1615,,13.6853,14.2203,,,,,11.9058,5.3867998,,,,,,9.5172997,11.9658,7.9516001,9.8635998,,14.091,8.1281004,7.1002998,,,7.2550998,,10.126,6.9419999,4.9844999,10.111,7.2974,9.3563004,13.3457,,10.5631,,7.7325001
11.2058,9.0078001,11.1947,,13.7384,14.2884,,,,,11.9782,5.4439998,,,,,,9.5567999,12.0279,7.9926,9.9102001,,14.1683,8.1688995,7.1317,,,7.2807002,,10.1923,6.9843001,5.1451001,10.1552,7.3248,9.4062996,13.3937,,10.5838,,7.7782998
11.2664,9.1058998,11.303,,13.7783,14.3696,,,,,12.0362,5.474,,,,,,9.6859999,12.0813,8.0747004,9.9575005,,14.2468,8.2049999,7.1589999,,,7.3048,,10.2789,7.0356998,5.1571002,10.3067,7.3442998,9.4951,13.4534,,10.7288,,7.8326001
11.3041,9.1461,11.3312,,13.8134,14.4301,,,,,12.0878,5.5042,,,,,,9.7278996,12.1617,8.1080999,10.0466,,14.3342,8.2739,7.1824002,,,7.3525,,10.326,7.0791001,5.1725998,10.345,7.3663001,9.5369997,13.5138,,10.7478,,7.9194999
11.3298,9.1794996,11.3672,,13.8752,14.5048,,,,,12.1721,5.5324998,,,,,,9.7706003,12.2523,8.1427002,10.0975,,14.4144,8.3041,7.2858,,,7.3863001,,10.3856,7.1248002,5.1875,10.3941,7.3951001,9.5857,13.5851,,10.7687,,7.9745002
11.3622,9.2915001,11.4863,,13.9158,14.5893,,,,,12.2146,5.5718002,,,,,,9.8072996,12.3478,8.1758003,10.1463,,14.4998,8.3406,7.3188,,,7.3868999,,10.4678,7.1668,5.3007002,10.4891,7.5001001,9.6687002,13.6538,,10.7965,,8.0158997
11.4848,9.3206997,11.5188,,13.9611,14.6439,,,,,12.2714,5.6538,,,,,,9.8926001,12.4144,8.2673998,10.1905,,14.5726,8.3704004,7.3481998,,,7.4407001,,10.5229,7.2172999,5.3144002,10.5525,7.5172,9.7077999,13.7004,,10.9306,,8.0607004
11.5056,9.3501997,11.567,,14.0001,14.7105,,,,,12.3186,5.6841998,,,,,,9.9434004,12.5019,8.3000002,10.2684,,14.649,8.4041996,7.3772998,,,7.4784002,,10.5871,7.2595,5.3308001,10.5865,7.5348001,9.7470999,13.7656,,10.9486,,8.1022997
11.5684,9.3857002,11.6835,,14.0432,14.7748,,,,,12.3804,5.7178001,,,,,,9.9870005,12.5801,8.3348999,10.3148,,14.7487,8.4797001,7.4847999,,,7.5146999,,10.6725,7.302,5.3453999,10.6935,7.5569,9.7929001,13.8355,,10.9671,,8.1445999
11.5977,9.4802999,11.7177,,14.0848,14.8523,,,,,12.426,5.7449999,,,,,,10.0914,12.6892,8.3667002,10.3617,,14.8237,8.5165005,7.5229001,,,7.5619998,,10.7252,7.3450999,5.3593998,10.7261,7.5798998,9.8955002,13.906,,11.1305,,8.1971998
11.6922,9.5186996,11.7568,,14.137,14.9209,,,,,12.4864,5.7757001,,,,,,10.1368,12.8051,8.4816999,10.4408,,14.897,8.5560999,7.5497999,,,7.599,,10.7795,7.3892999,5.3745999,10.7655,7.6034002,9.9385004,13.9651,,11.1448,,8.2399998
11.7175,9.5570002,11.7891,,14.1732,14.9724,,,,,12.5671,5.8463998,,,,,,10.1861,13.0368,8.5128002,10.4936,,14.9907,8.5903997,7.5837998,,,7.6490998,,10.8562,7.4429002,5.3892002,10.8882,7.7094998,9.9785995,14.0268,,11.1652,,8.2809
11.7706,9.5853996,11.9,,14.2182,,,,,,12.6153,5.8768001,,,,,,10.2807,13.1673,8.5424004,10.5482,,,8.6631002,7.691,,,7.6747999,,10.9158,7.4868999,5.4025998,10.9252,7.7305002,10.0657,14.0807,,11.1998,,8.3268995
11.8777,9.6629,11.934,,14.2626,,,,,,12.6754,5.9101,,,,,,10.328,13.2662,8.5737,10.5892,,,8.6900997,7.7185998,,,7.7038999,,10.9674,7.5307002,5.5421,10.9629,7.7554002,10.1078,14.1338,,11.3091,,8.3727999
11.9009,9.7231998,11.9706,,14.3003,,,,,,12.7232,5.9464998,,,,,,10.3693,13.4223,8.6757002,10.6592,,,8.7262001,7.7505999,,,7.7361999,,11.0474,7.5735002,5.5552001,10.9942,7.7839999,10.1582,14.1864,,11.3239,,8.4162998
11.9287,9.7669001,12.0064,,14.3452,,,,,,12.8031,5.9748001,,,,,,10.4773,13.6639,8.7124996,10.7123,,,8.7721004,7.7786002,,,7.7621002,,11.0996,7.6210999,5.5683999,11.1156,7.8930001,10.2055,14.2353,,11.3553,,8.4693003
11.9999,9.8051996,12.0423,,14.3901,,,,,,12.8847,6.0489998,,,,,,10.5154,13.8518,8.7462997,10.7638,,,8.8570995,7.8793998,,,7.796,,11.1476,7.6704998,5.5827999,11.1653,7.9094,10.2874,14.3095,,11.3749,,8.5122995
12.0253,9.9155998,12.0934,,14.4357,,,,,,12.9231,6.0781002,,,,,,10.5621,14.1236,8.7803001,10.859,,,8.8881998,7.9091001,,,7.8599,,11.1999,7.7136002,5.5970998,11.3137,7.9390001,10.338,14.3583,,11.3991,,8.5539999
12.0489,9.9567003,12.1306,,14.4861,,,,,,12.9981,6.1089001,,,,,,10.6024,14.2462,8.8724003,10.9149,,,8.9254999,7.9500999,,,7.8832002,,11.2787,7.7571998,5.7321,11.3552,7.9597998,10.3878,14.4244,,11.9094,,8.5958004
12.421,9.9997997,12.1705,,14.5203,,,,,,13.0534,6.1353998,,,,,,10.6788,14.3955,8.9111004,10.956,,,8.967,7.9878001,,,7.9263,,11.3278,7.7985001,5.7476001,11.3921,7.9819999,10.4835,14.4983,,11.9194,,8.6389999
12.4822,10.1173,12.2254,,14.5385,,,,,,13.105,6.1658001,,,,,,10.7228,14.5842,8.9506998,11.0476,,,9.0656004,8.0872002,,,7.9278998,,11.3826,7.8512998,5.7609,11.4988,8.092,10.5224,14.5469,,11.9325,,8.6898003
12.6403,10.1653,12.2654,,14.5824,,,,,,13.1778,6.1982002,,,,,,10.7645,14.7094,8.9832001,11.0967,,,9.0966997,8.1156998,,,7.9513998,,11.4618,7.8969998,5.7790999,11.5564,8.1167002,10.5595,14.6069,,11.9589,,8.7333002
12.6746,10.2091,12.2983,,14.6264,,,,,,13.2552,6.2512002,,,,,,10.8018,14.8421,9.0703001,11.1605,,,9.1269999,8.1457005,,,7.9874001,,11.5044,7.9417,5.7954998,11.5962,8.1456003,10.6639,14.6566,,11.9784,,8.8184996
12.6916,10.289,12.3287,,14.6678,,,,,,13.3335,6.2838998,,,,,,10.8864,,9.1071997,11.2501,,,9.1759005,8.1714001,,,8.0419998,,11.5547,7.9829998,5.9198999,11.7399,8.1806002,10.7146,14.7157,,12.0023,,8.8596001
12.7394,10.3161,12.3613,,14.7035,,,,,,13.39,6.3146,,,,,,10.9211,,9.1364002,11.2919,,,9.2060003,8.2882004,,,8.0740995,,11.6424,8.0338001,5.9327002,11.7845,8.2809,10.7529,14.7698,,12.0243,,8.9025002
12.7761,10.3455,12.393,,14.7508,,,,,,13.4306,6.3464999,,,,,,10.9564,,9.1812,11.3443,,,9.2713003,8.3129997,,,8.1117001,,11.7115,8.0753002,5.9447999,11.9114,8.3024998,10.7966,14.8311,,12.0544,,8.9496002
12.7976,10.375,12.4273,,14.7915,,,,,,13.4757,6.3807001,,,,,,11.0064,,9.2650995,11.3894,,,9.3031998,8.3409996,,,8.1396999,,11.7734,8.1188002,5.9565001,11.9539,8.3196001,10.8768,14.8795,,12.0879,,8.9972
12.8212,10.4708,12.4515,,14.832,,,,,,13.5426,6.4415998,,,,,,11.0911,,9.3016996,11.4529,,,9.3386002,8.3690004,,,8.1528997,,11.8704,8.1622,5.9696002,12.0165,8.3480997,10.9204,14.9329,,12.1173,,9.0403004
12.8424,10.5093,12.4603,,14.8702,,,,,,13.6031,6.4706998,,,,,,11.1331,,9.342,11.5069,,,9.3807001,8.3991003,,,8.1801996,,11.9184,8.2072001,5.9836998,12.0591,8.3906002,10.9574,14.9868,,12.1466,,9.0860996
12.872,10.5418,12.4872,,14.9215,,,,,,13.6504,6.4914999,,,,,,11.1788,,9.3751001,11.5572,,,9.4521999,8.4893999,,,8.2016001,,11.9817,8.2579002,5.9998999,12.1088,8.4892998,10.9981,,,12.1682,,9.1278
12.9051,10.5777,12.5169,,14.9755,,,,,,13.7457,6.527,,,,,,11.2873,,9.4666996,11.647,,,9.4855003,8.5328999,,,8.2628002,,12.0427,8.3009996,6.1476002,12.1501,8.5192003,11.0738,,,12.1962,,9.1653996
12.9358,10.6582,12.5431,,,,,,,,13.8142,6.5538998,,,,,,11.33,,9.5023003,11.6859,,,9.5321999,8.5598001,,,8.3052998,,12.0949,8.3473997,6.1616001,12.1964,8.5464001,11.1151,,,12.2339,,9.2019997
12.9731,10.7014,12.5752,,,,,,,,13.8725,6.5788002,,,,,,11.3769,,9.5419998,11.7498,,,9.5632,8.5867004,,,8.3388004,,12.1466,8.3948002,6.1757002,12.2407,8.5896997,11.1609,,,12.2643,,9.2467003
13.0256,10.7283,12.6019,,,,,,,,13.9031,6.6062999,,,,,,11.4702,,9.5748997,11.7884,,,9.5978003,8.6824999,,,8.3603001,,12.198,8.4464998,6.1904998,12.2869,8.6949997,11.2065,,,12.2956,,9.2952003
13.0663,10.7613,12.6261,,,,,,,,13.9585,6.6525998,,,,,,11.5122,,9.6723003,11.8573,,,9.6677999,8.7128,,,8.3613997,,12.2494,8.4914999,6.2048001,12.3285,8.7268,11.288,,,12.315,,9.3394003
13.1263,10.8038,12.6549,,,,,,,,14.0125,6.6550002,,,,,,11.5565,,9.7105999,11.8966,,,9.7011995,8.7474003,,,8.3837996,,12.2962,8.5359001,6.3575001,12.381,8.7459002,11.3352,,,12.3366,,9.3951998
13.1771,10.9039,12.6783,,,,,,,,14.0983,6.6829,,,,,,11.5886,,9.7453003,11.9477,,,9.7495003,8.7816,,,8.4087,,12.3571,8.5799999,6.3694,12.4254,8.7868996,11.3805,,,12.3589,,9.4334002
13.1974,10.9376,12.7071,,,,,,,,14.1497,6.7118001,,,,,,11.6807,,9.7805004,11.9962,,,9.7855997,8.8899002,,,8.4646997,,12.409,8.6288996,6.382,12.4753,8.9175997,11.4791,,,12.3883,,9.5676003
13.226,10.9725,12.746,,,,,,,,14.1953,6.7393999,,,,,,11.7221,,9.8669004,12.046,,,9.8634996,8.9172001,,,8.4906998,,12.4603,8.6709003,6.3955002,12.5358,8.9359999,11.5285,,,12.4183,,9.6138
13.264,11.0611,12.7764,,,,,,,,14.2433,6.7705998,,,,,,11.7638,,9.8986998,12.0888,,,9.8933001,8.9516001,,,8.5240002,,12.508,8.7163,6.4916,12.5674,8.9726,11.5628,,,12.4446,,9.6560001
13.2977,11.0931,12.8042,,,,,,,,14.2871,6.7751999,,,,,,11.8024,,9.9328003,12.1356,,,9.9279003,8.9812002,,,8.5516996,,12.5636,8.7629004,6.5036998,12.611,8.9969997,11.6646,,,12.4748,,9.6956997
13.3703,11.1278,12.8342,,,,,,,,14.3654,6.7947998,,,,,,11.8958,,9.9765997,12.1861,,,9.9653997,9.0760002,,,8.5523996,,12.6248,8.8091002,6.5176001,12.6498,9.1028996,11.7154,,,12.5039,,9.7384005
13.4272,11.1569,12.866,,,,,,,,14.4087,6.8477998,,,,,,11.94,,10.0636,12.2475,,,10.0042,9.1034002,,,8.5604,,12.6779,8.8582001,6.5367999,12.684,9.1373997,11.7604,,,12.5404,,9.7851
13.4719,11.1852,12.908,,,,,,,,14.4827,6.8829002,,,,,,11.9818,,10.0992,12.3029,,,10.067,9.1429996,,,8.6015997,,12.7363,8.9096003,6.553,12.7313,9.2782001,11.7994,,,12.5749,,9.8292999
13.4981,11.2765,12.9401,,,,,,,,14.5459,6.9137001,,,,,,12.0215,,10.1378,12.3582,,,10.1041,9.1680002,,,8.6651001,,12.7871,8.9528999,6.5704999,12.7879,9.3037996,11.8807,,,12.5976,,9.8709002
13.5601,11.3253,12.9762,,,,,,,,14.6034,6.9404001,,,,,,12.0624,,10.1753,12.4187,,,10.1398,9.2026997,,,8.7013998,,12.8387,8.9982996,6.5904999,12.8403,9.3262997,11.9323,,,12.6194,,9.9160004
13.5942,11.3526,13.0074,,,,,,,,14.667,6.9741001,,,,,,12.0977,,10.2606,12.4855,,,10.1725,9.2874002,,,8.7335997,,12.8904,9.0551996,6.6966,12.8961,9.3504,11.9851,,,12.6451,,9.9715996
13.6395,11.3898,13.0332,,,,,,,,14.7375,7.0028,,,,,,12.1335,,10.2935,12.542,,,10.2471,9.3354998,,,8.7650003,,12.9357,9.0984001,6.7119002,12.9301,9.3875999,12.0217,,,12.6718,,10.0215
13.6645,11.4209,13.0645,,,,,,,,14.8205,7.0562,,,,,,12.1678,,10.3278,12.5944,,,10.2853,9.3801003,,,8.8093004,,12.9918,9.1422005,6.7252998,12.9761,9.4896002,12.0703,,,12.6946,,10.0603
13.6991,11.4514,13.0957,,,,,,,,14.8695,7.0862999,,,,,,12.2081,,10.3581,12.6594,,,10.3221,9.4800997,,,8.8498001,,13.0429,9.1869001,6.7403998,13.0116,9.5105,12.1173,,,12.722,,10.1031
13.7251,11.4986,13.1264,,,,,,,,14.9336,7.1170998,,,,,,12.2503,,10.464,12.7135,,,10.3604,9.5113001,,,8.8778,,13.0976,9.2356997,6.7586999,13.056,9.5404997,12.165,,,12.7472,,10.1551
13.7521,11.527,13.167,,,,,,,,,7.1416001,,,,,,12.2875,,10.5008,12.7632,,,10.4039,9.5462999,,,8.915,,13.1598,9.2776003,6.7765002,13.0934,9.5734997,12.2135,,,12.7721,,10.1988
13.7838,11.5567,13.1979,,,,,,,,,7.1736999,,,,,,12.3218,,10.5353,12.8211,,,10.4743,9.5879002,,,8.9358997,,13.2498,9.3216,6.7937999,13.1338,9.6808996,12.2563,,,12.801,,10.2481
13.8054,11.5957,13.2235,,,,,,,,,7.2016001,,,,,,12.3589,,10.5732,12.8778,,,10.5066,9.6806002,,,8.9665003,,13.3069,9.3684998,6.9106002,13.1739,9.7084999,12.3045,,,12.8328,,10.2941
13.8366,11.6892,13.2539,,,,,,,,,7.2494001,,,,,,12.3974,,10.6611,12.9286,,,10.5377,9.7139997,,,8.9917002,,13.3635,9.4183998,6.9228001,13.2263,9.7393999,12.3436,,,12.8601,,10.3323
13.8653,11.7208,13.2829,,,,,,,,,7.2789998,,,,,,12.4341,,10.6929,12.9872,,,10.5702,9.75,,,9.0569,,13.4175,9.4611998,6.9376998,13.2668,9.7620001,12.3936,,,12.8856,,10.3776
13.9049,11.7546,13.3169,,,,,,,,,7.3080001,,,,,,12.4698,,10.7286,13.033,,,10.6438,9.7791996,,,9.1225996,,13.4895,9.5029001,6.9517999,13.3036,9.7888002,12.4375,,,12.9222,,10.4205
13.9559,11.7868,13.346,,,,,,,,,7.3386998,,,,,,12.5073,,10.7597,13.0813,,,10.677,9.8759003,,,9.1282997,,13.5374,9.5485001,6.9668002,13.3471,9.8900995,12.4912,,,12.9761,,10.4668
13.9892,11.9335,13.3772,,,,,,,,,7.3663001,,,,,,12.5395,,10.7967,13.1436,,,10.704,9.9076004,,,9.1700001,,13.588,9.5979996,6.9812999,13.399,9.9277,12.5415,,,12.9996,,10.5098
14.0181,11.9691,13.4106,,,,,,,,,7.3968,,,,,,12.5802,,10.8824,13.2015,,,10.7357,9.9393997,,,9.1746998,,13.6398,9.6430998,7.1139998,13.4363,9.9556999,12.5838,,,13.0264,,10.5592
14.0812,12.0097,13.4409,,,,,,,,,7.4493999,,,,,,12.6143,,10.9167,13.2532,,,10.7726,9.9713001,,,9.2461004,,13.6981,9.6856003,7.1271,13.4743,9.9970999,12.63,,,13.0543,,10.6096
14.1198,12.0404,13.4731,,,,,,,,,7.4733,,,,,,12.6499,,10.9525,13.3098,,,10.8598,10.0777,,,9.2473001,,13.7616,9.7301998,7.1405001,13.5257,10.0919,12.6758,,,13.0804,,10.652
14.1474,12.0756,13.5074,,,,,,,,,7.5035,,,,,,12.6831,,10.9886,13.3647,,,10.8946,10.1106,,,9.2821999,,13.8122,9.7742004,7.1557999,13.5738,10.1133,12.7238,,,13.1188,,10.6975
14.1858,12.1214,13.5405,,,,,,,,,7.5320001,,,,,,12.7243,,11.0735,13.4245,,,10.9299,10.1508,,,9.3191004,,13.8734,9.8247004,7.1722999,13.6106,10.1524,12.7751,,,13.148,,10.7417
14.2072,12.1627,13.5716,,,,,,,,,7.5664001,,,,,,12.7549,,11.101,13.485,,,10.9659,10.1875,,,9.3562002,,13.9245,9.8670998,7.1870999,13.6468,10.1864,12.8285,,,13.1726,,10.7938
14.2519,12.1931,13.6069,,,,,,,,,7.5963998,,,,,,12.7914,,11.139,13.5406,,,11.0026,10.2765,,,9.3570995,,13.9823,9.9099998,7.3106999,13.6787,10.281,12.8756,,,13.2064,,10.8368
14.2797,12.2282,13.6445,,,,,,,,,7.6441002,,,,,,12.8293,,11.1727,13.5984,,,11.0767,10.3084,,,9.3870001,,14.0406,9.9523001,7.3242002,13.7214,10.3108,12.92,,,13.2257,,10.8804
14.3192,12.2644,13.6789,,,,,,,,,7.6708999,,,,,,12.865,,11.2709,13.6567,,,11.1049,10.347,,,9.4232998,,14.093,9.9958,7.3376002,13.762,10.3516,12.9664,,,13.2564,,10.9245
14.7023,12.2954,13.7134,,,,,,,,,7.7024999,,,,,,12.9027,,11.3044,13.7145,,,11.1399,10.3781,,,9.4734001,,14.1511,10.0438,7.3513999,13.8002,10.4061,13.0127,,,13.2867,,10.9686
14.7302,12.3262,13.751,,,,,,,,,7.7262001,,,,,,12.9364,,11.3371,13.771,,,11.1758,10.4823,,,9.4743996,,14.2061,10.087,7.3663001,13.85,10.4872,13.0578,,,13.3168,,11.0101
14.7643,12.3648,13.7846,,,,,,,,,7.7539001,,,,,,12.9732,,11.372,13.8278,,,11.2571,10.5138,,,9.5319996,,14.2558,10.1315,7.3792,13.9014,10.5189,13.1073,,,13.3407,,11.0576
14.7995,12.3952,13.8246,,,,,,,,,7.7828999,,,,,,13.0128,,11.4621,13.8908,,,11.2862,10.5471,,,9.5544996,,14.3045,10.1727,7.3975,13.9433,10.5548,13.1659,,,13.3686,,11.0993
14.8303,12.4408,13.8468,,,,,,,,,7.8477001,,,,,,13.0468,,11.4918,13.9483,,,11.3545,10.5722,,,9.5557003,,14.3576,10.2245,7.5451999,13.9914,10.6023,13.2143,,,13.3974,,11.1458
14.8512,12.4731,13.8675,,,,,,,,,7.8771,,,,,,13.0785,,11.5305,13.9937,,,11.3872,10.6018,,,9.6049995,,14.41,10.2671,7.5570998,14.0512,10.7064,13.2618,,,13.4258,,11.1911
14.8791,12.5044,13.9069,,,,,,,,,7.9028001,,,,,,13.1129,,11.5637,14.0528,,,11.4587,10.6896,,,9.6599998,,14.4622,10.3103,7.5711999,14.1046,10.7302,13.3119,,,13.4599,,11.2374
14.9302,12.5356,13.9496,,,,,,,,,7.9108,,,,,,13.1449,,11.6045,14.1079,,,11.503,10.7188,,,9.6878996,,14.5148,10.3545,7.5897999,14.1518,10.7576,13.3608,,,13.4976,,11.2818
14.962,12.5613,13.9876,,,,,,,,,7.9268999,,,,,,13.1815,,11.6748,14.169,,,11.5311,10.7638,,,9.7103004,,14.568,10.3983,7.7048001,14.1905,10.8842,13.4019,,,13.5232,,11.369
,12.5901,14.0284,,,,,,,,,7.96,,,,,,13.2169,,11.7078,14.2327,,,11.56,10.8045,,,9.7676001,,14.6228,10.4464,7.7214999,14.2302,10.9114,13.4563,,,13.5496,,11.4134
,12.6209,14.0718,,,,,,,,,7.987,,,,,,13.2502,,11.7473,14.2839,,,11.6028,10.8747,,,9.79,,14.6827,10.4899,7.7379999,14.2733,10.9348,13.5078,,,13.5759,,11.4575
,12.6507,14.1054,,,,,,,,,8.0453997,,,,,,13.2847,,11.7786,14.3412,,,11.6727,10.9057,,,9.8050003,,14.7409,10.5305,7.7526002,14.3236,10.9771,13.5576,,,13.6132,,11.5046
,12.6829,14.1499,,,,,,,,,8.0719995,,,,,,13.325,,11.8684,14.3931,,,11.7064,10.9381,,,9.8652,,14.7956,10.5769,7.7651,14.3594,11.0805,13.6034,,,13.6479,,11.5549
,12.7156,14.1879,,,,,,,,,8.0776997,,,,,,13.3604,,11.899,14.4438,,,11.7531,10.9796,,,9.8660002,,14.8645,10.6239,7.7772999,14.3961,11.1163,13.6549,,,13.6987,,11.5999
,12.7456,14.2247,,,,,,,,,8.1063004,,,,,,13.3884,,11.9356,14.5065,,,11.7891,11.0725,,,9.8994999,,14.9185,10.6656,7.7932,14.4331,11.1397,13.7034,,,13.7322,,11.6418
,12.7829,14.258,,,,,,,,,8.132,,,,,,13.4177,,11.9726,14.5632,,,11.8637,11.1039,,,9.9392004,,14.9776,10.706,7.9334002,14.4786,11.1648,13.7606,,,13.7589,,11.6906
,12.8332,14.2945,,,,,,,,,8.1601,,,,,,13.4526,,12.0061,14.6241,,,11.8956,11.1386,,,9.9743004,,,10.7501,7.9464002,14.5181,11.2052,13.8119,,,13.7809,,11.7395
,12.8703,14.3317,,,,,,,,,8.1886997,,,,,,13.4856,,12.04,14.6802,,,11.9265,11.1706,,,10.0052,,,10.795,7.9608002,14.5581,11.2894,13.8605,,,13.8132,,11.7808
,12.9107,14.3675,,,,,,,,,8.2445002,,,,,,13.5217,,12.0732,14.7319,,,11.9616,11.2044,,,10.0054,,,10.8472,7.9741001,14.6011,11.3228,13.8989,,,13.8437,,11.8238
,12.9505,14.399,,,,,,,,,8.2777996,,,,,,13.5567,,12.1055,14.7917,,,12.0008,11.2928,,,10.0741,,,10.8917,7.9878998,14.6488,11.3537,13.9483,,,13.8715,,11.8697
,12.9831,14.433,,,,,,,,,8.3070002,,,,,,13.5926,,12.1366,14.8461,,,12.0394,11.3338,,,10.0776,,,10.9439,8.0016003,14.6998,11.3669,14.002,,,13.8978,,11.9156
,13.0333,14.4674,,,,,,,,,8.3326998,,,,,,13.6274,,12.1696,14.9013,,,12.0727,11.3658,,,10.1074,,,10.9888,8.1798,14.7491,11.5296,14.0644,,,13.9298,,11.9594
,13.0838,14.4945,,,,,,,,,8.3670998,,,,,,13.6668,,12.2038,14.9521,,,12.1082,11.4023,,,10.1558,,,11.0356,8.1908998,14.7963,11.5528,14.1197,,,13.9583,,12.0053
,13.1179,14.526,,,,,,,,,8.3999004,,,,,,13.7002,,12.2353,,,,12.1516,11.4842,,,10.1573,,,11.0754,8.2034998,14.8383,11.5862,14.1691,,,13.9876,,12.0542
,13.1628,14.5574,,,,,,,,,8.4487,,,,,,13.7348,,12.2714,,,,12.1886,11.5168,,,10.1814,,,11.1214,8.2995996,14.8734,11.6764,14.2163,,,14.0569,,12.11
,13.1975,14.5894,,,,,,,,,8.4769001,,,,,,13.7699,,12.3094,,,,12.2279,11.5556,,,10.2566,,,11.1653,8.3118,14.9122,11.7172,14.2718,,,14.0822,,12.1539
,13.2341,14.6258,,,,,,,,,8.5029001,,,,,,13.8038,,12.3375,,,,12.2759,11.6025,,,10.2598,,,11.2081,8.3249998,14.9503,11.7505,14.3281,,,14.1073,,12.1973
,13.2793,14.6591,,,,,,,,,8.5277996,,,,,,13.8452,,12.3716,,,,12.3148,11.6766,,,10.2939,,,11.257,8.3402996,14.9886,11.7778,14.3841,,,14.1315,,12.2399
,13.3238,14.6891,,,,,,,,,8.5523996,,,,,,13.8936,,12.4041,,,,12.3588,11.7201,,,10.3267,,,11.301,8.3544998,,11.8856,14.4379,,,14.1606,,12.2869
,13.3565,14.7269,,,,,,,,,8.5928001,,,,,,13.9239,,12.4368,,,,12.3976,11.7563,,,10.34,,,11.3461,8.3687,,11.9161,14.4917,,,14.1924,,12.3308
,13.3895,14.7651,,,,,,,,,8.6386995,,,,,,13.9664,,12.4682,,,,12.4379,11.7935,,,10.3607,,,11.3944,8.3824997,,11.9453,14.5392,,,14.2194,,12.377
,13.4206,14.7959,,,,,,,,,8.6676998,,,,,,14.0055,,12.5002,,,,12.4704,11.8797,,,10.3996,,,11.4437,8.3973999,,12.0134,14.5803,,,14.2503,,12.4293
,13.4691,14.8218,,,,,,,,,8.6939001,,,,,,14.0449,,12.5331,,,,12.51,11.907,,,10.4049,,,11.4868,8.4984999,,12.0678,14.6298,,,14.2798,,12.4695
,13.5068,14.8493,,,,,,,,,8.7231998,,,,,,14.0779,,12.571,,,,12.5439,11.9427,,,10.4547,,,11.5335,8.5128002,,12.1016,14.6757,,,14.3135,,12.5134
,13.5525,14.8894,,,,,,,,,8.7537003,,,,,,14.1228,,12.6024,,,,12.5829,11.9673,,,10.4558,,,11.5806,8.5281,,12.1467,14.7288,,,14.3508,,12.5599
,13.5944,14.9218,,,,,,,,,8.7863998,,,,,,14.1571,,12.6403,,,,12.6154,11.9946,,,10.4919,,,11.6355,8.5437002,,12.1818,14.7787,,,14.3803,,12.61
,13.6317,14.9589,,,,,,,,,8.8514996,,,,,,14.1875,,12.6705,,,,12.6601,12.0311,,,10.5201,,,11.6842,8.5583,,12.2116,14.8331,,,14.4107,,12.6581
,13.6817,14.9984,,,,,,,,,8.8593998,,,,,,14.2262,,12.7046,,,,12.7065,12.0611,,,10.5644,,,11.7289,8.5740004,,12.2637,14.8884,,,14.4428,,12.6979
,13.7286,,,,,,,,,,8.8846998,,,,,,14.2602,,12.7388,,,,12.7448,12.0907,,,10.5975,,,11.7734,8.5895996,,12.3177,14.9321,,,14.4827,,12.7426
,13.7696,,,,,,,,,,8.9132996,,,,,,14.2982,,12.7677,,,,12.7919,12.128,,,10.6032,,,11.8252,8.6047001,,12.349,14.9769,,,14.5142,,12.7846
,13.8111,,,,,,,,,,8.9435997,,,,,,14.3379,,12.8068,,,,12.8373,12.158,,,10.6041,,,11.8687,8.6912003,,12.3728,,,,14.5433,,12.8264
,13.8643,,,,,,,,,,8.9713001,,,,,,14.3775,,12.838,,,,12.8843,12.1842,,,10.6043,,,11.917,8.7067003,,12.3999,,,,14.5703,,12.8708
,13.897,,,,,,,,,,8.9989996,,,,,,14.4208,,12.869,,,,12.927,12.2093,,,10.6047,,,11.9639,8.7250004,,12.4341,,,,14.5984,,12.914
,13.9288,,,,,,,,,,9.0388002,,,,,,14.4666,,12.907,,,,12.9684,12.2408,,,10.6073,,,12.0116,8.7420998,,12.4643,,,,14.6293,,12.9577
,13.9729,,,,,,,,,,9.0574999,,,,,,14.5022,,12.9472,,,,13.0159,12.276,,,10.6493,,,12.0537,8.7572002,,12.5003,,,,14.6543,,12.9982
,14.0051,,,,,,,,,,9.0897999,,,,,,14.5392,,12.9864,,,,13.0585,12.3133,,,10.7048,,,12.1023,8.7746,,12.5517,,,,14.6928,,13.0396
,14.0331,,,,,,,,,,9.1239996,,,,,,14.5848,,13.0145,,,,13.0978,12.3409,,,10.7106,,,12.1488,8.7915001,,12.5797,,,,14.7347,,13.0981
,14.0781,,,,,,,,,,9.1525002,,,,,,14.6241,,13.0455,,,,13.139,12.3717,,,10.7117,,,12.192,8.8821001,,12.6066,,,,14.7637,,13.1472
,14.1207,,,,,,,,,,9.1826,,,,,,14.6609,,13.0733,,,,13.1791,12.4165,,,10.7248,,,12.2356,8.8978996,,12.6391,,,,14.7962,,13.1898
,14.154,,,,,,,,,,9.1870003,,,,,,14.6998,,13.1071,,,,13.2163,12.4512,,,10.7498,,,12.2839,8.9112997,,12.6814,,,,14.8274,,13.2306
,14.1956,,,,,,,,,,9.2334003,,,,,,14.7384,,13.1357,,,,13.2639,12.4869,,,10.7733,,,12.3354,8.9294996,,12.7171,,,,14.8663,,13.2737
,14.2456,,,,,,,,,,9.2637997,,,,,,14.769,,13.1712,,,,13.3081,12.5122,,,10.8043,,,12.3847,8.9512997,,12.763,,,,14.8928,,13.3185
,14.2992,,,,,,,,,,9.2904997,,,,,,14.8129,,13.2072,,,,13.3473,12.5587,,,10.8051,,,12.4343,8.9742002,,12.7891,,,,14.9216,,13.3749
,14.3352,,,,,,,,,,9.3170996,,,,,,14.8558,,13.2412,,,,13.3949,12.5844,,,10.8354,,,12.4768,8.9928999,,12.8333,,,,14.9557,,13.4252
,14.3688,,,,,,,,,,9.3472996,,,,,,14.9041,,13.2701,,,,13.4326,12.6118,,,10.871,,,12.5224,9.0946999,,12.8679,,,,,,13.4707
,14.4255,,,,,,,,,,9.3762999,,,,,,14.9467,,13.3052,,,,13.4677,12.6419,,,10.9163,,,12.568,9.1112003,,12.903,,,,,,13.5309
,14.4716,,,,,,,,,,9.4021997,,,,,,14.9808,,13.3347,,,,13.5008,12.6748,,,10.9516,,,12.614,9.1258001,,12.9382,,,,,,13.5754
,14.5096,,,,,,,,,,9.4513998,,,,,,,,13.3685,,,,13.5435,12.7061,,,10.953,,,12.6586,9.1426001,,12.9561,,,,,,13.6284
,14.5581,,,,,,,,,,9.4792004,,,,,,,,13.3993,,,,13.5859,12.7383,,,10.9547,,,12.7049,9.1658001,,12.9912,,,,,,13.6729
,14.5962,,,,,,,,,,9.5066996,,,,,,,,13.4306,,,,13.6251,12.7614,,,10.9554,,,12.7527,9.191,,13.0231,,,,,,13.7167
,14.6363,,,,,,,,,,9.5326996,,,,,,,,13.4614,,,,13.6604,12.7866,,,10.9583,,,12.7965,9.2921,,13.0593,,,,,,13.7618
,14.6709,,,,,,,,,,9.5620003,,,,,,,,13.5004,,,,13.7018,12.8211,,,10.997,,,12.8443,9.3064003,,13.0894,,,,,,13.807
,14.7024,,,,,,,,,,9.5974998,,,,,,,,13.5329,,,,13.7392,12.845,,,10.9988,,,12.888,9.3192997,,13.1288,,,,,,13.8551
,14.7268,,,,,,,,,,9.6476002,,,,,,,,13.5718,,,,13.7772,12.868,,,11.0045,,,12.9355,9.3387003,,13.1555,,,,,,13.8995
,14.7597,,,,,,,,,,9.6745005,,,,,,,,13.6032,,,,13.8164,12.8987,,,11.0057,,,12.9851,9.3542995,,13.2091,,,,,,13.9533
,14.7848,,,,,,,,,,9.6999998,,,,,,,,13.6393,,,,13.8572,12.9377,,,11.02,,,13.0307,9.3718004,,13.243,,,,,,13.9967
,14.8126,,,,,,,,,,9.7298002,,,,,,,,13.6781,,,,13.8995,12.9629,,,11.0585,,,13.0778,9.3865004,,13.276,,,,,,14.0468
,14.8371,,,,,,,,,,9.7592001,,,,,,,,13.7079,,,,13.9414,12.99,,,11.0759,,,13.1255,9.4024,,13.3159,,,,,,14.0836
,14.8696,,,,,,,,,,9.7921,,,,,,,,13.7443,,,,13.9897,13.0236,,,11.0901,,,13.17,9.5056,,13.3453,,,,,,14.1282
,14.9055,,,,,,,,,,9.8439999,,,,,,,,13.7774,,,,14.0309,13.0552,,,11.0913,,,13.215,9.5220003,,13.383,,,,,,14.18
,14.9373,,,,,,,,,,9.8744001,,,,,,,,13.8077,,,,14.0736,13.0882,,,11.0926,,,13.2583,9.5432997,,13.425,,,,,,14.2244
,14.9721,,,,,,,,,,9.9053001,,,,,,,,13.8385,,,,14.1166,13.1154,,,11.1171,,,13.2994,9.5607996,,13.4496,,,,,,14.2703
,,,,,,,,,,,9.9336004,,,,,,,,13.8798,,,,14.1541,13.1419,,,11.1559,,,13.347,9.5754995,,13.4858,,,,,,14.3128
,,,,,,,,,,,9.9629002,,,,,,,,13.9138,,,,14.1994,13.168,,,11.1627,,,13.3906,9.5930004,,13.5148,,,,,,14.3536
,,,,,,,,,,,9.9952002,,,,,,,,13.9468,,,,14.2402,13.1963,,,11.1943,,,13.4359,9.7299004,,13.5511,,,,,,14.4019
,,,,,,,,,,,10.043,,,,,,,,13.981,,,,14.2842,13.2291,,,11.2043,,,13.4787,9.7424002,,13.5863,,,,,,14.443
,,,,,,,,,,,10.0681,,,,,,,,14.0166,,,,14.3296,13.2605,,,11.205,,,13.5239,9.7560997,,13.6085,,,,,,14.4869
,,,,,,,,,,,10.0931,,,,,,,,14.0476,,,,14.3799,13.29,,,11.2086,,,13.567,9.7716999,,13.6375,,,,,,14.5358
,,,,,,,,,,,10.1257,,,,,,,,14.0818,,,,14.4113,13.3163,,,11.2118,,,13.6072,9.7881002,,13.6652,,,,,,14.5819
,,,,,,,,,,,10.153,,,,,,,,14.1151,,,,14.4548,13.3468,,,11.2253,,,13.6533,9.8021002,,13.6979,,,,,,14.6328
,,,,,,,,,,,10.1673,,,,,,,,14.1489,,,,14.495,13.3748,,,11.245,,,13.7027,9.8884001,,13.7289,,,,,,14.6819
,,,,,,,,,,,10.1797,,,,,,,,14.1837,,,,14.5297,13.399,,,11.2886,,,13.7449,9.9062996,,13.7777,,,,,,14.7325
,,,,,,,,,,,10.2059,,,,,,,,14.2146,,,,14.5668,13.4285,,,11.3141,,,13.7891,9.9247999,,13.8109,,,,,,14.772
,,,,,,,,,,,10.2604,,,,,,,,14.2473,,,,14.61,13.457,,,11.3281,,,13.8384,9.9392996,,13.8371,,,,,,14.8166
,,,,,,,,,,,10.2882,,,,,,,,14.2791,,,,14.6454,13.4881,,,11.3462,,,13.8814,9.9560003,,13.8569,,,,,,14.86
,,,,,,,,,,,10.3135,,,,,,,,14.3177,,,,14.6841,13.5138,,,11.4066,,,13.9261,9.9764996,,13.8854,,,,,,14.9021
,,,,,,,,,,,10.342,,,,,,,,14.3524,,,,14.7347,13.5495,,,11.4142,,,13.9688,10.1271,,13.9324,,,,,,14.9511
,,,,,,,,,,,10.3713,,,,,,,,14.3833,,,,14.7807,13.5741,,,11.4691,,,14.0129,10.1401,,13.9689,,,,,,
,,,,,,,,,,,10.4417,,,,,,,,14.4214,,,,14.8191,13.6061,,,11.5007,,,14.0569,10.1542,,13.9934,,,,,,
,,,,,,,,,,,10.4679,,,,,,,,14.4577,,,,14.8647,13.6385,,,11.5349,,,14.1002,10.1683,,14.0307,,,,,,
,,,,,,,,,,,10.4979,,,,,,,,14.4962,,,,14.9059,13.6651,,,11.5363,,,14.1459,10.1825,,14.0642,,,,,,
,,,,,,,,,,,10.5299,,,,,,,,14.5287,,,,14.9535,13.694,,,11.5497,,,14.19,10.197,,14.1242,,,,,,
,,,,,,,,,,,10.5615,,,,,,,,14.5626,,,,14.9922,13.7264,,,11.5614,,,14.2332,10.3193,,14.1565,,,,,,
,,,,,,,,,,,10.5932,,,,,,,,14.5933,,,,,13.7522,,,11.5724,,,14.2766,10.3331,,14.186,,,,,,
,,,,,,,,,,,10.6436,,,,,,,,14.6276,,,,,13.7798,,,11.5738,,,14.3227,10.3504,,14.2332,,,,,,
,,,,,,,,,,,10.6723,,,,,,,,14.6581,,,,,13.8051,,,11.6053,,,14.3682,10.3664,,14.2807,,,,,,
,,,,,,,,,,,10.7014,,,,,,,,14.6958,,,,,13.8336,,,11.609,,,14.4138,10.3836,,14.3282,,,,,,
,,,,,,,,,,,10.7339,,,,,,,,14.7316,,,,,13.8588,,,11.6743,,,14.4625,10.4988,,14.3548,,,,,,
,,,,,,,,,,,10.7655,,,,,,,,14.7741,,,,,13.8874,,,11.6817,,,14.5136,10.5154,,14.3774,,,,,,
,,,,,,,,,,,10.7921,,,,,,,,14.8057,,,,,13.9137,,,11.701,,,14.5561,10.5285,,14.4077,,,,,,
,,,,,,,,,,,10.8427,,,,,,,,14.8399,,,,,13.9417,,,11.7045,,,14.601,10.5435,,14.4506,,,,,,
,,,,,,,,,,,10.8728,,,,,,,,14.8783,,,,,13.9676,,,11.7315,,,14.6497,10.5625,,14.484,,,,,,
,,,,,,,,,,,10.9044,,,,,,,,14.9111,,,,,13.9955,,,11.7393,,,14.6945,10.5775,,14.5072,,,,,,
,,,,,,,,,,,10.9343,,,,,,,,14.9454,,,,,14.0227,,,11.7417,,,14.7401,10.5935,,14.5388,,,,,,
,,,,,,,,,,,10.9582,,,,,,,,14.984,,,,,14.0538,,,11.7694,,,14.785,10.7193,,14.5689,,,,,,
,,,,,,,,,,,10.9871,,,,,,,,,,,,,14.0827,,,11.7894,,,14.8309,10.7361,,14.6069,,,,,,
,,,,,,,,,,,11.0469,,,,,,,,,,,,,14.1118,,,11.805,,,14.8773,10.7524,,14.6402,,,,,,
,,,,,,,,,,,11.0798,,,,,,,,,,,,,14.1426,,,11.8081,,,14.9317,10.7689,,14.6782,,,,,,
,,,,,,,,,,,11.1107,,,,,,,,,,,,,14.1676,,,11.8137,,,14.9809,10.7819,,14.7078,,,,,,
,,,,,,,,,,,11.1391,,,,,,,,,,,,,14.1928,,,11.8322,,,,10.7967,,14.7496,,,,,,
,,,,,,,,,,,11.1725,,,,,,,,,,,,,14.2211,,,11.8689,,,,10.9094,,14.7727,,,,,,
,,,,,,,,,,,11.1948,,,,,,,,,,,,,14.25,,,11.8717,,,,10.9273,,14.7994,,,,,,
,,,,,,,,,,,11.2402,,,,,,,,,,,,,14.2832,,,11.8867,,,,10.9421,,14.8375,,,,,,
,,,,,,,,,,,11.2726,,,,,,,,,,,,,14.3128,,,11.8997,,,,10.9606,,14.8779,,,,,,
,,,,,,,,,,,11.2987,,,,,,,,,,,,,14.3398,,,11.9071,,,,10.9798,,14.9083,,,,,,
,,,,,,,,,,,11.3296,,,,,,,,,,,,,14.3648,,,11.9521,,,,10.9967,,14.9406,,,,,,
,,,,,,,,,,,11.3363,,,,,,,,,,,,,14.3925,,,11.9533,,,,11.104,,14.967,,,,,,
,,,,,,,,,,,11.3569,,,,,,,,,,,,,14.4191,,,11.9633,,,,11.1202,,14.9968,,,,,,
,,,,,,,,,,,11.3886,,,,,,,,,,,,,14.4635,,,11.9721,,,,11.137,,,,,,,,
,,,,,,,,,,,11.4433,,,,,,,,,,,,,14.4976,,,11.9944,,,,11.1523,,,,,,,,
,,,,,,,,,,,11.4724,,,,,,,,,,,,,14.529,,,12.0219,,,,11.172,,,,,,,,
,,,,,,,,,,,11.5,,,,,,,,,,,,,14.5595,,,12.0521,,,,11.1965,,,,,,,,
,,,,,,,,,,,11.5263,,,,,,,,,,,,,14.5851,,,12.1002,,,,11.3165,,,,,,,,
,,,,,,,,,,,11.5567,,,,,,,,,,,,,14.6112,,,12.1017,,,,11.3295,,,,,,,,
,,,,,,,,,,,11.5883,,,,,,,,,,,,,14.6366,,,12.1395,,,,11.3417,,,,,,,,
,,,,,,,,,,,11.6479,,,,,,,,,,,,,14.6638,,,12.1408,,,,11.3715,,,,,,,,
,,,,,,,,,,,11.6832,,,,,,,,,,,,,14.6971,,,12.1679,,,,11.3923,,,,,,,,
,,,,,,,,,,,11.7131,,,,,,,,,,,,,14.7321,,,12.1822,,,,11.4705,,,,,,,,
,,,,,,,,,,,11.7406,,,,,,,,,,,,,14.7709,,,12.1839,,,,11.4863,,,,,,,,
,,,,,,,,,,,11.7754,,,,,,,,,,,,,14.7965,,,12.1843,,,,11.5094,,,,,,,,
,,,,,,,,,,,11.8044,,,,,,,,,,,,,14.819,,,12.1905,,,,11.5241,,,,,,,,
,,,,,,,,,,,11.8544,,,,,,,,,,,,,14.8498,,,12.2248,,,,11.5411,,,,,,,,
,,,,,,,,,,,11.8808,,,,,,,,,,,,,14.8779,,,12.2258,,,,11.5631,,,,,,,,
,,,,,,,,,,,11.9154,,,,,,,,,,,,,14.9021,,,12.2621,,,,11.5779,,,,,,,,
,,,,,,,,,,,11.9453,,,,,,,,,,,,,14.9294,,,12.269,,,,11.593,,,,,,,,
,,,,,,,,,,,11.9739,,,,,,,,,,,,,14.9641,,,12.2995,,,,11.6947,,,,,,,,
,,,,,,,,,,,12.0023,,,,,,,,,,,,,14.9957,,,12.3175,,,,11.7094,,,,,,,,
,,,,,,,,,,,12.0344,,,,,,,,,,,,,,,,12.3216,,,,11.7237,,,,,,,,
,,,,,,,,,,,12.066,,,,,,,,,,,,,,,,12.3273,,,,11.7422,,,,,,,,
,,,,,,,,,,,12.0977,,,,,,,,,,,,,,,,12.3455,,,,11.7563,,,,,,,,
,,,,,,,,,,,12.1268,,,,,,,,,,,,,,,,12.3796,,,,11.7707,,,,,,,,
,,,,,,,,,,,12.1588,,,,,,,,,,,,,,,,12.3831,,,,11.7868,,,,,,,,
,,,,,,,,,,,12.189,,,,,,,,,,,,,,,,12.3921,,,,11.8863,,,,,,,,
,,,,,,,,,,,12.2199,,,,,,,,,,,,,,,,12.4103,,,,11.9058,,,,,,,,
,,,,,,,,,,,12.2518,,,,,,,,,,,,,,,,12.4277,,,,11.9252,,,,,,,,
,,,,,,,,,,,12.2797,,,,,,,,,,,,,,,,12.4288,,,,11.9506,,,,,,,,
,,,,,,,,,,,12.3092,,,,,,,,,,,,,,,,12.429,,,,11.9721,,,,,,,,
,,,,,,,,,,,12.3465,,,,,,,,,,,,,,,,12.4402,,,,11.988,,,,,,,,
,,,,,,,,,,,12.373,,,,,,,,,,,,,,,,12.4517,,,,12.0038,,,,,,,,
,,,,,,,,,,,12.4021,,,,,,,,,,,,,,,,12.4528,,,,12.0237,,,,,,,,
,,,,,,,,,,,12.4299,,,,,,,,,,,,,,,,12.4627,,,,12.041,,,,,,,,
,,,,,,,,,,,12.4325,,,,,,,,,,,,,,,,12.476,,,,12.0579,,,,,,,,
,,,,,,,,,,,12.4598,,,,,,,,,,,,,,,,12.4839,,,,12.0799,,,,,,,,
,,,,,,,,,,,12.4895,,,,,,,,,,,,,,,,12.5107,,,,12.1011,,,,,,,,
,,,,,,,,,,,12.5153,,,,,,,,,,,,,,,,12.5314,,,,12.1184,,,,,,,,
,,,,,,,,,,,12.5202,,,,,,,,,,,,,,,,12.5706,,,,12.1357,,,,,,,,
,,,,,,,,,,,12.5487,,,,,,,,,,,,,,,,12.5757,,,,12.1547,,,,,,,,
,,,,,,,,,,,12.5833,,,,,,,,,,,,,,,,12.577,,,,12.1748,,,,,,,,
,,,,,,,,,,,12.6121,,,,,,,,,,,,,,,,12.5775,,,,12.1961,,,,,,,,
,,,,,,,,,,,12.6383,,,,,,,,,,,,,,,,12.5947,,,,12.2241,,,,,,,,
,,,,,,,,,,,12.6597,,,,,,,,,,,,,,,,12.6192,,,,12.2441,,,,,,,,
,,,,,,,,,,,12.6761,,,,,,,,,,,,,,,,12.6206,,,,12.2652,,,,,,,,
,,,,,,,,,,,12.7054,,,,,,,,,,,,,,,,12.6215,,,,12.2802,,,,,,,,
,,,,,,,,,,,12.7344,,,,,,,,,,,,,,,,12.6248,,,,12.3115,,,,,,,,
,,,,,,,,,,,12.7632,,,,,,,,,,,,,,,,12.632,,,,12.3616,,,,,,,,
,,,,,,,,,,,12.7915,,,,,,,,,,,,,,,,12.6478,,,,12.3857,,,,,,,,
,,,,,,,,,,,12.8249,,,,,,,,,,,,,,,,12.6544,,,,12.405,,,,,,,,
,,,,,,,,,,,12.8574,,,,,,,,,,,,,,,,12.6552,,,,12.4231,,,,,,,,
,,,,,,,,,,,12.8801,,,,,,,,,,,,,,,,12.6625,,,,12.4437,,,,,,,,
,,,,,,,,,,,12.9144,,,,,,,,,,,,,,,,12.678,,,,12.4706,,,,,,,,
,,,,,,,,,,,12.9543,,,,,,,,,,,,,,,,12.7078,,,,12.4901,,,,,,,,
,,,,,,,,,,,12.9855,,,,,,,,,,,,,,,,12.7415,,,,12.5096,,,,,,,,
,,,,,,,,,,,13.0158,,,,,,,,,,,,,,,,12.743,,,,12.5298,,,,,,,,
,,,,,,,,,,,13.0468,,,,,,,,,,,,,,,,12.7442,,,,12.5497,,,,,,,,
,,,,,,,,,,,13.0794,,,,,,,,,,,,,,,,12.7802,,,,12.5754,,,,,,,,
,,,,,,,,,,,13.1055,,,,,,,,,,,,,,,,12.8255,,,,12.6001,,,,,,,,
,,,,,,,,,,,13.1377,,,,,,,,,,,,,,,,12.8802,,,,12.6211,,,,,,,,
,,,,,,,,,,,13.1715,,,,,,,,,,,,,,,,12.9113,,,,12.6481,,,,,,,,
,,,,,,,,,,,13.2034,,,,,,,,,,,,,,,,12.919,,,,12.6735,,,,,,,,
,,,,,,,,,,,13.2391,,,,,,,,,,,,,,,,12.9338,,,,12.7011,,,,,,,,
,,,,,,,,,,,13.2718,,,,,,,,,,,,,,,,12.9458,,,,12.7229,,,,,,,,
,,,,,,,,,,,13.3009,,,,,,,,,,,,,,,,13.0067,,,,12.7403,,,,,,,,
,,,,,,,,,,,13.3271,,,,,,,,,,,,,,,,13.008,,,,12.7592,,,,,,,,
,,,,,,,,,,,13.3563,,,,,,,,,,,,,,,,13.0505,,,,12.7803,,,,,,,,
,,,,,,,,,,,13.3902,,,,,,,,,,,,,,,,13.0623,,,,12.8032,,,,,,,,
,,,,,,,,,,,13.4211,,,,,,,,,,,,,,,,13.0992,,,,12.8204,,,,,,,,
,,,,,,,,,,,13.4558,,,,,,,,,,,,,,,,13.1005,,,,12.8389,,,,,,,,
,,,,,,,,,,,13.4888,,,,,,,,,,,,,,,,13.1425,,,,12.8593,,,,,,,,
,,,,,,,,,,,13.5285,,,,,,,,,,,,,,,,13.1817,,,,12.8821,,,,,,,,
,,,,,,,,,,,13.5601,,,,,,,,,,,,,,,,13.1919,,,,12.8989,,,,,,,,
,,,,,,,,,,,13.5625,,,,,,,,,,,,,,,,13.2273,,,,12.9258,,,,,,,,
,,,,,,,,,,,13.595,,,,,,,,,,,,,,,,13.2637,,,,12.9467,,,,,,,,
,,,,,,,,,,,13.6224,,,,,,,,,,,,,,,,13.2977,,,,12.9669,,,,,,,,
,,,,,,,,,,,13.6497,,,,,,,,,,,,,,,,13.3228,,,,12.9941,,,,,,,,
,,,,,,,,,,,13.6786,,,,,,,,,,,,,,,,13.324,,,,13.0174,,,,,,,,
,,,,,,,,,,,13.7049,,,,,,,,,,,,,,,,13.346,,,,13.0363,,,,,,,,
,,,,,,,,,,,13.7396,,,,,,,,,,,,,,,,13.36,,,,13.0574,,,,,,,,
,,,,,,,,,,,13.7725,,,,,,,,,,,,,,,,13.3642,,,,13.0787,,,,,,,,
,,,,,,,,,,,13.8082,,,,,,,,,,,,,,,,13.3931,,,,13.0979,,,,,,,,
,,,,,,,,,,,13.8386,,,,,,,,,,,,,,,,13.3952,,,,13.1206,,,,,,,,
,,,,,,,,,,,13.8707,,,,,,,,,,,,,,,,13.3978,,,,13.1421,,,,,,,,
,,,,,,,,,,,13.9048,,,,,,,,,,,,,,,,13.4063,,,,13.1613,,,,,,,,
,,,,,,,,,,,13.9351,,,,,,,,,,,,,,,,13.4311,,,,13.1819,,,,,,,,
,,,,,,,,,,,13.9625,,,,,,,,,,,,,,,,13.4761,,,,13.2011,,,,,,,,
,,,,,,,,,,,13.9934,,,,,,,,,,,,,,,,13.5041,,,,13.2188,,,,,,,,
,,,,,,,,,,,14.0221,,,,,,,,,,,,,,,,13.5101,,,,13.2414,,,,,,,,
,,,,,,,,,,,14.0519,,,,,,,,,,,,,,,,13.5313,,,,13.266,,,,,,,,
,,,,,,,,,,,14.0796,,,,,,,,,,,,,,,,13.5329,,,,13.29,,,,,,,,
,,,,,,,,,,,14.1122,,,,,,,,,,,,,,,,13.5378,,,,13.3116,,,,,,,,
,,,,,,,,,,,14.1445,,,,,,,,,,,,,,,,13.5467,,,,13.3359,,,,,,,,
,,,,,,,,,,,14.1783,,,,,,,,,,,,,,,,13.5766,,,,13.3613,,,,,,,,
,,,,,,,,,,,14.2108,,,,,,,,,,,,,,,,13.5778,,,,13.3804,,,,,,,,
,,,,,,,,,,,14.2437,,,,,,,,,,,,,,,,13.6111,,,,13.3998,,,,,,,,
,,,,,,,,,,,14.2703,,,,,,,,,,,,,,,,13.6473,,,,13.42,,,,,,,,
,,,,,,,,,,,14.2984,,,,,,,,,,,,,,,,13.6824,,,,13.4399,,,,,,,,
,,,,,,,,,,,14.3288,,,,,,,,,,,,,,,,13.6859,,,,13.4593,,,,,,,,
,,,,,,,,,,,14.3604,,,,,,,,,,,,,,,,13.691,,,,13.4794,,,,,,,,
,,,,,,,,,,,14.3913,,,,,,,,,,,,,,,,13.7138,,,,13.499,,,,,,,,
,,,,,,,,,,,14.425,,,,,,,,,,,,,,,,13.7658,,,,13.5146,,,,,,,,
,,,,,,,,,,,14.4563,,,,,,,,,,,,,,,,13.7839,,,,13.5312,,,,,,,,
,,,,,,,,,,,14.4889,,,,,,,,,,,,,,,,13.7918,,,,13.5491,,,,,,,,
,,,,,,,,,,,14.5223,,,,,,,,,,,,,,,,13.8317,,,,13.5849,,,,,,,,
,,,,,,,,,,,14.5558,,,,,,,,,,,,,,,,13.8737,,,,13.6088,,,,,,,,
,,,,,,,,,,,14.5902,,,,,,,,,,,,,,,,13.9175,,,,13.6281,,,,,,,,
,,,,,,,,,,,14.6187,,,,,,,,,,,,,,,,13.9197,,,,13.6475,,,,,,,,
,,,,,,,,,,,14.6525,,,,,,,,,,,,,,,,13.9209,,,,13.6687,,,,,,,,
,,,,,,,,,,,14.6876,,,,,,,,,,,,,,,,13.9262,,,,13.6934,,,,,,,,
,,,,,,,,,,,14.6901,,,,,,,,,,,,,,,,13.9601,,,,13.719,,,,,,,,
,,,,,,,,,,,14.7184,,,,,,,,,,,,,,,,13.9615,,,,13.7417,,,,,,,,
,,,,,,,,,,,14.751,,,,,,,,,,,,,,,,14.0006,,,,13.7636,,,,,,,,
,,,,,,,,,,,14.7662,,,,,,,,,,,,,,,,14.0385,,,,13.7876,,,,,,,,
,,,,,,,,,,,14.7788,,,,,,,,,,,,,,,,14.0518,,,,13.8149,,,,,,,,
,,,,,,,,,,,14.8054,,,,,,,,,,,,,,,,14.0532,,,,13.8496,,,,,,,,
,,,,,,,,,,,14.8331,,,,,,,,,,,,,,,,14.0899,,,,13.8715,,,,,,,,
,,,,,,,,,,,14.8609,,,,,,,,,,,,,,,,14.1189,,,,13.9024,,,,,,,,
,,,,,,,,,,,14.8962,,,,,,,,,,,,,,,,14.1621,,,,13.9216,,,,,,,,
,,,,,,,,,,,14.9328,,,,,,,,,,,,,,,,14.1958,,,,13.9419,,,,,,,,
,,,,,,,,,,,14.9696,,,,,,,,,,,,,,,,14.2421,,,,13.9646,,,,,,,,
,,,,,,,,,,,,,,,,,,,,,,,,,,,14.2804,,,,13.9855,,,,,,,,
,,,,,,,,,,,,,,,,,,,,,,,,,,,14.3134,,,,14.0082,,,,,,,,
,,,,,,,,,,,,,,,,,,,,,,,,,,,14.363,,,,14.0317,,,,,,,,
,,,,,,,,,,,,,,,,,,,,,,,,,,,14.3793,,,,14.0507,,,,,,,,
,,,,,,,,,,,,,,,,,,,,,,,,,,,14.4161,,,,14.0753,,,,,,,,
,,,,,,,,,,,,,,,,,,,,,,,,,,,14.4576,,,,14.1005,,,,,,,,
,,,,,,,,,,,,,,,,,,,,,,,,,,,14.4986,,,,14.1238,,,,,,,,
,,,,,,,,,,,,,,,,,,,,,,,,,,,14.5098,,,,14.1432,,,,,,,,
,,,,,,,,,,,,,,,,,,,,,,,,,,,14.5386,,,,14.1656,,,,,,,,
,,,,,,,,,,,,,,,,,,,,,,,,,,,14.5665,,,,14.1937,,,,,,,,
,,,,,,,,,,,,,,,,,,,,,,,,,,,14.5753,,,,14.2161,,,,,,,,
,,,,,,,,,,,,,,,,,,,,,,,,,,,14.5945,,,,14.2372,,,,,,,,
,,,,,,,,,,,,,,,,,,,,,,,,,,,14.6196,,,,14.2613,,,,,,,,
,,,,,,,,,,,,,,,,,,,,,,,,,,,14.6337,,,,14.2871,,,,,,,,
,,,,,,,,,,,,,,,,,,,,,,,,,,,14.6635,,,,14.3109,,,,,,,,
,,,,,,,,,,,,,,,,,,,,,,,,,,,14.6644,,,,14.3408,,,,,,,,
,,,,,,,,,,,,,,,,,,,,,,,,,,,14.7003,,,,14.3637,,,,,,,,
,,,,,,,,,,,,,,,,,,,,,,,,,,,14.7035,,,,14.3902,,,,,,,,
,,,,,,,,,,,,,,,,,,,,,,,,,,,14.714,,,,14.4263,,,,,,,,
,,,,,,,,,,,,,,,,,,,,,,,,,,,14.7474,,,,14.4503,,,,,,,,
,,,,,,,,,,,,,,,,,,,,,,,,,,,14.7855,,,,14.4804,,,,,,,,
,,,,,,,,,,,,,,,,,,,,,,,,,,,14.8355,,,,14.503,,,,,,,,
,,,,,,,,,,,,,,,,,,,,,,,,,,,14.8874,,,,14.5316,,,,,,,,
,,,,,,,,,,,,,,,,,,,,,,,,,,,14.8883,,,,14.5536,,,,,,,,
,,,,,,,,,,,,,,,,,,,,,,,,,,,14.8914,,,,14.5737,,,,,,,,
,,,,,,,,,,,,,,,,,,,,,,,,,,,14.9254,,,,14.5973,,,,,,,,
,,,,,,,,,,,,,,,,,,,,,,,,,,,14.9262,,,,14.6224,,,,,,,,
,,,,,,,,,,,,,,,,,,,,,,,,,,,14.9642,,,,14.6405,,,,,,,,
,,,,,,,,,,,,,,,,,,,,,,,,,,,14.9888,,,,14.6607,,,,,,,,
,,,,,,,,,,,,,,,,,,,,,,,,,,,,,,,14.6839,,,,,,,,
,,,,,,,,,,,,,,,,,,,,,,,,,,,,,,,14.7116,,,,,,,,
,,,,,,,,,,,,,,,,,,,,,,,,,,,,,,,14.7331,,,,,,,,
,,,,,,,,,,,,,,,,,,,,,,,,,,,,,,,14.759,,,,,,,,
,,,,,,,,,,,,,,,,,,,,,,,,,,,,,,,14.7843,,,,,,,,
,,,,,,,,,,,,,,,,,,,,,,,,,,,,,,,14.8049,,,,,,,,
,,,,,,,,,,,,,,,,,,,,,,,,,,,,,,,14.8302,,,,,,,,
,,,,,,,,,,,,,,,,,,,,,,,,,,,,,,,14.8555,,,,,,,,
,,,,,,,,,,,,,,,,,,,,,,,,,,,,,,,14.8777,,,,,,,,
,,,,,,,,,,,,,,,,,,,,,,,,,,,,,,,14.9016,,,,,,,,
,,,,,,,,,,,,,,,,,,,,,,,,,,,,,,,14.9204,,,,,,,,
,,,,,,,,,,,,,,,,,,,,,,,,,,,,,,,14.951,,,,,,,,
,,,,,,,,,,,,,,,,,,,,,,,,,,,,,,,14.9766,,,,,,,,