EG20230404a1,EG20230404a2,EG20230404a3,EG20230404a4,EG20230404a5,EG20230404a6,EG20230404a7,EG20230404a8,EG20230410b1,EG20230410b2,EG20230410b3,EG20230410b4,EG20230410c1,EG20230410c2,EG20230410c3,EG20230410c4,EG20230410c5,EG20230410c6,EG20230410c8,EG20230410c9,EG20230410c10,EG20230410c11,EG20230410c12,EG20230410c13
0.00069999998,0.0276,0.048500001,0.052499998,0.0091000004,0.0071999999,0.038899999,0.016799999,0.042300001,0.037599999,0.087399997,0.104,0.0024999999,0.056600001,0.0031999999,0.14659999,0.084299996,0.077299997,0.061999999,0.1689,0.0251,0.0535,0.099200003,0.0015
0.064599998,0.069799997,0.1037,0.1275,0.059300002,0.024499999,0.1211,0.056400001,0.086900003,0.067299999,0.088,0.39969999,0.039000001,0.1258,0.064300001,0.58219999,0.46799999,0.15549999,0.1674,0.7658,0.079599999,0.1146,0.1463,0.027799999
0.1288,0.1101,0.1573,0.2534,0.093199998,0.0429,0.227,0.1097,0.13950001,0.1023,0.36050001,0.72109997,0.074199997,0.17380001,0.1138,0.99440002,1.0568,0.2852,0.27360001,2.0105,0.22139999,0.1894,0.2115,0.046999998
0.1848,0.1559,0.26550001,0.33590001,0.1321,0.061000001,0.27450001,0.1621,0.1997,0.13349999,0.57840002,0.99870002,0.1125,0.2203,0.16760001,1.4189,1.5597,0.4677,0.35069999,2.0855,0.3159,0.2701,0.2809,0.066600002
0.26620001,0.2015,0.32249999,0.41870001,0.19220001,0.0836,0.37729999,0.20209999,0.2289,0.1664,0.71929997,1.2898999,0.1693,0.27720001,0.2457,1.768,2.0788,0.57440001,0.45910001,2.1205001,0.3827,0.35479999,0.3391,0.083800003
0.3369,0.236,0.40529999,0.50160003,0.2256,0.1202,0.4393,0.2315,0.26179999,0.2015,0.89310002,1.5616,0.2177,0.32460001,0.30329999,2.2177,2.7444999,0.75199997,0.51539999,2.2230999,0.4452,0.41769999,0.38440001,0.104
0.3831,0.28569999,0.48190001,0.57230002,0.2599,0.14219999,0.55870003,0.26499999,0.3003,0.2343,1.1216,1.8245,0.25839999,0.37819999,0.35859999,2.8520999,3.4335001,0.83319998,0.62080002,2.3153999,0.5747,0.47299999,0.4605,0.1231
0.46450001,0.33109999,0.55309999,0.6372,0.29969999,0.1654,0.67629999,0.29069999,0.33059999,0.2622,1.3497,2.2281001,0.30129999,0.42899999,0.43470001,3.4677,4.0047998,0.89069998,0.72430003,2.3726001,0.61430001,0.54110003,0.56010002,0.1464
0.52649999,0.3633,0.64170003,0.70190001,0.3599,0.1955,0.7198,0.33739999,0.3671,0.3012,1.5347,3.0402999,0.34819999,0.4833,0.48840001,4.0468001,4.7021999,0.98610002,0.78119999,2.4103999,0.67479998,0.59850001,0.62830001,0.16599999
0.61589998,0.40000001,0.76160002,0.76490003,0.41890001,0.229,0.78130001,0.3705,0.41679999,0.33610001,1.8431,6.7255998,0.40740001,0.53570002,0.54659998,4.5963001,5.1638999,1.0319,1.0257,2.5137,0.72490001,0.65679997,0.72909999,0.1881
0.6803,0.4355,0.82349998,0.84200001,0.46149999,0.25870001,0.86110002,0.4154,0.4589,0.36840001,2.043,8.6199999,0.4774,0.5941,0.6067,5.1103001,5.6100001,1.079,1.1447999,2.628,0.77929997,0.7306,0.84249997,0.20379999
0.74720001,0.46579999,1.0922,0.91729999,0.51310003,0.28799999,0.95469999,0.477,0.49739999,0.4082,4.2817001,8.6402998,0.54159999,0.64899999,0.65799999,5.5710001,6.0658002,1.1435,1.2467999,2.6617999,0.84969997,0.7949,0.97430003,0.2318
0.80229998,0.49520001,1.176,0.98629999,0.56,0.31650001,1.0561,0.7471,0.5553,0.4474,5.0159998,10.0631,0.59109998,0.70779997,0.7148,6.0843,6.5132999,1.2213,1.462,2.7105,0.94029999,0.86949998,1.1118,0.25409999
0.87690002,0.53479999,1.2969,1.0651,0.6279,0.33410001,1.1084,0.81529999,0.59600002,0.484,5.8060002,10.0759,0.6311,0.76319999,0.76459998,6.5864,7.1118999,1.2944,1.5659,2.8092,1.0438,0.94270003,1.2069,0.2827
0.958,0.57160002,1.3829,1.154,0.88609999,0.35370001,1.2525001,0.8484,0.6275,0.5183,6.6185002,11.4534,0.68610001,0.8452,0.82779998,7.0946002,7.5237002,1.3729,1.6296,2.8622,1.1048,1.0156,1.3071001,0.31659999
1.033,0.61260003,1.4924999,1.2328,0.93949997,0.37810001,1.3479,0.89429998,0.66369998,0.56230003,7.3362999,11.468,0.727,0.91140002,0.88770002,7.5847001,8.1733999,1.4684,1.6900001,2.9173999,1.1837,1.0977,1.4013,0.347
1.1658,0.65350002,1.601,1.3028001,0.97079998,0.40369999,1.4436001,0.9411,0.70340002,0.60159999,7.5978999,11.4909,0.76679999,0.9799,0.9436,8.0228004,8.5854998,1.534,1.7778,3.0093,1.2970999,1.1673,1.5154999,0.3818
1.2407,0.71100003,1.6526,1.4071,1.0114,0.42829999,1.5025001,0.99129999,0.73220003,0.64090002,8.3407001,12.416,0.80549997,1.0548,1.0028,8.5749998,9.0416002,1.5671999,1.8836,3.0734,1.3802,1.2223001,1.6388,0.41080001
1.3031,0.73500001,1.7386,1.5025001,1.0633,0.45230001,1.5686001,1.0391999,0.76190001,0.685,8.7435999,12.4282,0.84789997,1.1086,1.056,9.1058998,9.5173998,1.6143,1.9382,3.1099999,1.4506,1.2965,1.7332,0.4382
1.3608,0.77520001,1.824,1.5815001,1.1267,0.46919999,1.649,1.0763,0.80599999,0.7166,9.0393,12.4439,0.88810003,1.1599,1.1092,9.5859003,9.9721003,1.6773,4.3053002,3.1608,1.6440001,1.353,1.8319,0.456
1.4449,0.81019998,1.9146,1.661,1.1784,0.4964,1.7686,1.1404001,0.85820001,0.74970001,9.6311998,12.4993,0.93089998,1.2256,1.1637,10.0538,10.4237,1.8003,4.5524998,3.2107999,1.687,1.4346,1.9268,0.48820001
1.5148,0.85390002,1.9878,1.7412,1.2323,0.52490002,1.9128,1.1697,0.91140002,0.78130001,10.143,13.1622,0.96679997,1.2826999,1.2306,10.4935,11.0067,1.8713,4.6552,3.2605,1.7259001,1.5562,4.4450002,0.5341
1.5784,0.88319999,7.2389002,1.8091,1.2766,0.54479998,1.9761,1.2136,0.96579999,0.81470001,10.5558,13.1912,1.0099,1.3433,1.2847,11.036,11.4827,1.9289,4.8552999,3.3109,1.783,1.6299,8.0403004,0.55760002
1.6842,0.9077,7.5086002,1.9046,1.3415,0.57980001,,1.2571,1.0048,0.84810001,10.9077,13.2607,1.0594,1.4024,1.3408999,11.4938,11.8795,2.0072999,5.1518998,3.3766,1.8246,1.6713001,8.3408003,0.58340001
1.7348,0.93489999,7.6356001,1.9953001,1.3941,0.59899998,,1.2825,1.0352,0.88169998,11.3425,13.823,1.1062,1.4557,1.4028,11.9925,12.4191,2.0572,5.4040999,3.4114001,1.8875,1.7565,8.4997997,0.60320002
1.7916,0.95880002,8.0061998,3.4544001,1.4446,0.61559999,,1.3071001,1.0625,0.917,11.6983,13.873,1.1548001,1.506,1.4636,12.5109,12.9015,2.1084001,5.5033998,3.4625001,1.9293,1.8474,8.6971998,0.62169999
1.8575,0.99599999,8.3427,3.6952,1.4825,0.64029998,,1.3398,1.0928,0.95469999,12.1109,14.0452,1.1976,1.559,1.528,12.9448,13.398,2.1605,5.6037002,3.5111001,3.1045001,1.9808,8.79,0.64179999
1.911,1.0252,8.5530996,4.0556002,1.5127,0.66799998,,1.3873,1.1178,0.99169999,12.1964,14.5396,1.2533,1.6162,1.5888,13.3668,13.8089,2.2090001,5.6993999,3.5595,3.3492999,2.0188999,9.0440998,0.6656
1.964,1.0518,8.6787004,4.1553001,1.5589,0.6954,,1.4198999,1.1579,1.0246,12.4756,14.9283,1.3138,1.6770999,1.6393,13.7222,14.3222,2.2581,5.8365002,3.6449001,3.7883,2.102,9.1917,0.69059998
3.5968001,1.0807,8.8437996,4.2948999,1.585,0.71079999,,1.4957,1.1885999,1.0566,12.6815,,1.3512,1.7365,1.6949,14.1746,14.8572,2.3299,5.994,3.6654999,3.8961999,2.1654,9.493,0.71069998
3.7521,1.1226,8.9496002,4.4398999,1.6436,0.73650002,,1.5673,1.2122,1.0943,12.7511,,1.3911999,1.8065,1.7529,14.6227,,2.3636,6.0921001,3.7109001,3.9990001,2.2657001,10.9979,0.73250002
3.8768001,1.1616,9.0789003,4.5976,1.6887,0.75749999,,1.6039,1.2507,1.1275001,12.953,,1.4402,1.8559,1.8211,,,2.4096,6.2522001,3.7604001,4.0955,2.3290999,11.1621,0.75559998
3.9770999,1.2084,9.2452002,4.7410998,1.7327,0.78539997,,1.6926,1.2998,1.156,13.3179,,1.4730999,1.9153,1.8760999,,,2.4584999,6.3540001,3.8120999,4.1985002,2.4161,11.3999,0.78079998
4.0763998,1.2654001,9.4028997,4.8417001,1.8068,0.80489999,,1.7183,1.3617001,1.1897,13.6164,,1.5177,1.9792,1.9382,,,2.5113001,6.4972,3.8691001,4.2877998,2.4683001,11.5482,0.8096
4.1585999,1.2865,9.4846001,4.9952002,1.849,0.82489997,,1.7525001,1.4164,1.2237,13.7955,,1.5771,2.0848,2.0388999,,,2.5597,6.5528002,3.9108,4.3422999,2.5172999,11.88,0.83029997
4.2364001,1.3271,9.6375999,5.2419,1.8943,0.85299999,,1.7891999,1.4529001,1.2563,13.9266,,1.6226,2.1364,2.2551999,,,2.6097,6.6472998,3.9619,4.4046001,2.5890999,12.0134,0.86369997
4.3322001,1.3692,9.802,5.3530998,1.9525,0.86879998,,1.8463,1.4929,1.2889,14.225,,1.6867,2.2202001,6.7193999,,,2.6585,6.8519001,4.0142999,4.4924002,2.6264,12.0867,0.8872
4.4064999,1.3990999,9.9347,5.4997001,2.2804,0.89270002,,1.8673,1.5398,1.3227,14.5167,,1.7368,2.2941999,7.4636998,,,2.7427001,6.9920998,4.0636001,4.5539999,2.7579,12.2473,0.91299999
4.4963999,1.4276,10.1237,5.5908999,3.0998001,0.91229999,,1.8981,1.5786999,1.3588001,14.6568,,1.7811,2.3743999,7.6048002,,,2.7846999,7.2066002,4.1129999,4.6401,2.8190999,12.46,0.93599999
4.6075001,1.4579,10.2678,5.6960001,3.1589,0.93400002,,1.9205,1.6262,1.3911999,14.9399,,1.8239,2.4470999,8.0077,,,2.898,7.3397999,4.1602001,4.7294002,2.8629999,12.5406,0.96149999
4.7016001,1.4986,10.3451,5.7950001,3.2305,0.95279998,,1.9408,1.6957,1.4244,,,1.8679,2.5932,8.1562996,,,2.9558001,7.4492998,4.2192998,4.8052001,2.9184,12.672,0.98729998
4.7873998,1.5338,10.4523,5.9015999,3.2518001,0.97689998,,1.9677,1.7308,1.4584,,,1.9062001,2.7033,8.3317003,,,3.0088999,7.7486,4.2735,4.8961,2.9696,12.8417,1.0181
4.8673,1.566,10.5546,5.9914999,3.2955999,0.99650002,,1.9938999,1.7802,1.4953001,,,1.9554,2.8318,8.4680996,,,3.0597,7.8551998,4.3111,4.9520998,3.0192001,13.0917,1.0425
5.0419002,1.6013,10.6476,6.0576,3.6268001,1.0135,,2.1062,1.8243999,1.5264,,,3.2667,3.0764999,8.6739998,,,3.1324,7.9988999,4.3593001,5.0311999,3.1478,13.2848,1.0718
5.0935998,1.6336,10.7453,6.2484002,3.671,1.0307,,2.5425,1.8667001,1.556,,,3.3552999,3.1703999,8.8043003,,,3.1600001,8.099,4.4082999,5.0928998,3.2074001,13.4084,1.0984
5.1708002,1.6615,10.8493,6.3049002,3.7523999,1.0502,,3.1084001,1.9208,1.585,,,3.4145999,3.3101001,8.9413004,,,3.2097001,8.2370005,4.4612002,5.1483002,3.2721,13.5185,1.1226
5.2778001,1.698,10.9256,6.3989,3.8403001,1.0702,,3.2742,1.9644001,1.6143,,,3.4665999,3.4138,9.0474997,,,3.2606001,8.3056002,4.5098,5.1957002,3.3197,13.6154,1.1502
5.3580999,1.7373,11.0725,6.4850001,3.9760001,1.0877,,3.3065,1.9985,1.6464,,,3.5025001,3.5181999,9.1852999,,,3.3099,8.4035997,4.5606999,5.2793002,3.3733001,13.7442,1.1736
5.4414001,1.7819999,11.1411,6.5876999,4.0272999,1.1079,,3.3933001,2.098,1.6752,,,3.546,3.5852001,9.3191996,,,3.3808,8.5492001,4.6118999,5.3404999,3.4175999,13.827,1.1928999
5.5840998,1.8191,11.2865,6.6430998,4.1324,1.127,,3.4454,2.1517999,1.7138,,,3.5857,3.6558001,9.4575996,,,3.4107001,8.6035995,4.6616998,5.4018998,3.4616001,13.8953,1.2148
5.6575999,1.8498,11.3356,6.7354999,4.1736999,1.1548001,,3.4985001,2.2550001,1.7499,,,3.6268001,3.7302999,9.5452995,,,3.4598999,8.7369003,4.6961999,5.4460001,3.5155001,13.989,1.2379
5.7321,1.8828,11.4366,6.8474002,4.2817998,1.1874,,3.5402999,2.3471999,1.7846,,,3.6686001,3.7909999,9.6569996,,,3.5346999,8.8036003,4.7287002,5.5496998,3.5644,14.0952,1.2624
5.7990999,1.9419,11.5397,6.9460001,4.3239002,1.2208,,3.6273999,2.4294,1.8233,,,3.7044001,3.8677001,9.7806997,,,3.5602,8.8562002,4.7638001,5.6033001,3.6104,14.2728,1.286
5.8720002,1.983,11.6228,7.0359001,4.3568001,1.2455,,3.6961,2.4862001,1.8526,,,3.7481,3.9531,9.9111996,,,3.6101,8.9053001,4.8176999,5.6473999,3.6599,14.5079,1.3145
5.9294,2.0060999,11.7156,7.1332002,4.4382,1.2679,,3.7319,2.6019001,1.89,,,3.7957001,4.066,10.0074,,,3.6599,9.0078001,4.8629999,5.7379999,3.7237,14.6639,1.3361
6.0075002,2.0597,11.797,7.1898999,4.4814,1.3035001,,3.7911,2.6547999,1.9196,,,3.8348999,4.1300001,10.0761,,,3.7105,9.0868998,4.9099998,5.7916999,3.7663,14.7901,1.3715
6.0764999,2.1407001,11.8919,7.2535,4.5100002,1.3276,,3.8710001,2.7056999,1.9507,,,3.8849001,4.1952,10.1581,,,3.7600999,9.1977997,4.9626999,5.8390999,3.8275001,14.9123,1.4013
6.1403999,2.1779001,11.9729,7.3428001,4.5573001,1.3423001,,3.9463,2.7760999,1.9862,,,3.9217,4.2726998,10.3041,,,3.8090999,9.2903004,5.0120001,5.8948998,3.8710999,14.9991,1.4214
6.2255998,2.221,12.1483,7.4268999,4.6352,1.3634,,4.046,2.8269,2.0480001,,,3.961,4.3464999,10.4433,,,3.8814001,9.3427,5.0612001,5.9477,3.9305999,,1.4426
6.2912002,2.2591,12.3553,7.5058999,4.6894002,1.3828,,4.0795002,2.8831999,2.132,,,4.0037999,4.3923001,10.6652,,,3.9251001,9.4434004,5.1170001,5.9962001,3.9833,,1.4633
6.3492999,2.3173001,12.4593,7.5914998,4.7336998,1.4037,,4.1092,2.9405,2.1918001,,,4.0381999,4.5050998,10.7552,,,3.9593999,9.5033998,5.1612,6.0409999,4.0405998,,1.4849
6.4401002,2.3685,12.5638,7.6588998,4.7797999,1.4354,,4.1785998,3.0351,2.2548001,,,4.0749998,4.5764999,10.855,,,4.0096998,9.5931997,5.2192001,6.0960002,4.0774002,,1.5132
6.52,2.411,12.6634,7.7312999,4.8576999,1.454,,4.2080002,3.1040001,2.3389001,,,4.1108999,4.6259999,10.9629,,,4.0567999,9.6466999,5.2610002,6.1374002,4.1422,,1.5376
6.6701002,2.4593999,13.1421,7.8931999,4.9836998,1.4901,,4.2382998,3.1812,2.3903,,,4.1482,4.6812,11.0804,,,4.1096001,9.7969999,5.3106999,6.1872001,4.2326999,,1.5706
6.7421999,2.4947,13.2238,7.9882002,5.0405002,1.5079,,4.2772999,3.2385001,2.4460001,,,4.1880002,4.7235999,11.196,,,4.1598001,9.8894997,5.3607998,6.2360001,4.296,,1.6038001
6.8195,2.5248001,13.2681,8.0798998,5.1149001,1.5391999,,4.2996998,3.3046999,2.5039001,,,4.2259002,4.7768002,11.3028,,,4.2107,9.9870005,5.4127002,6.2846999,4.3537998,,1.6296999
6.8779001,2.5597,13.3916,8.1371002,5.1401,1.5642,,4.3473001,3.3583,2.5476,,,4.2642999,4.8260002,11.3824,,,4.2557001,10.0444,5.4622002,6.3365002,4.4162998,,1.6648999
6.9496999,2.6208,13.4741,8.2902002,5.1803999,1.5953,,4.3866,3.4157,2.6019001,,,4.2953,4.8708,11.4959,,,4.3765001,10.1518,5.5138001,6.3899999,4.4617,,1.693
7.0261002,2.6691999,13.5542,8.3435001,5.2329998,1.6205,,4.4238,3.4711001,2.6499,,,4.3294001,4.9285998,11.5759,,,4.4101,10.252,5.5622001,6.4366002,4.5258002,,1.7237
7.1156001,2.7149999,13.6316,8.4041996,5.2704,1.6423,,4.4551001,3.5244999,2.6975,,,4.3653998,4.9829998,11.6565,,,4.4591999,10.2992,5.6111999,6.4867001,4.5805998,,1.7494
7.1900001,2.7974,13.7655,8.4967003,5.3016,1.6732,,4.4981999,3.5725999,2.756,,,4.4046998,5.0402999,11.7625,,,4.5095,10.3454,5.6492,6.5362,4.6247001,,1.7793
7.2891998,2.8092999,13.8498,8.5958996,5.3983002,1.7099,,4.5370002,3.6271,2.8480999,,,4.4433999,5.1016998,11.9182,,,4.5591998,10.4422,5.6897998,6.5935001,4.6869998,,1.8139
7.3494,2.8629,13.902,8.6912003,5.4457002,1.7416,,4.6075001,3.6866,2.9015999,,,4.4780002,5.1606002,11.9848,,,4.6094999,10.5461,5.7175002,6.6362,4.7325001,,1.8498
7.4085999,2.8947999,13.9654,8.7578001,5.4821,1.7727,,4.6437001,3.7369001,2.9486001,,,4.5144,5.2164001,12.0396,,,4.6553998,10.6417,5.7631001,6.6855001,4.7832999,,1.8808
7.4987998,2.9079001,14.0949,8.8472004,5.5461001,1.8065,,4.6827002,3.7830999,3.0385001,,,4.5496998,5.2831001,12.0946,,,4.6985002,10.7893,5.8137999,6.7470999,4.829,,1.9143
7.5707002,2.9591,14.1434,8.9279003,5.5895,1.8362,,4.7063999,3.8357,3.0912001,,,4.5784998,5.4028001,12.1402,,,4.7536001,10.8954,5.8615999,6.8566999,4.8712001,,1.9398
7.6258001,3.0105,,8.9970999,5.6364999,1.8871,,4.7558999,3.8787,3.1454,,,4.6048002,5.4615002,12.1933,,,4.8388,10.9761,5.9123001,6.895,4.9320002,,1.9813
7.6891999,3.0560999,,9.0864,5.671,1.933,,4.7951999,3.9463999,3.1953001,,,4.6420002,5.5139999,12.2395,,,4.8859,11.0378,5.9643002,6.9386001,4.9798002,,2.0392001
7.7567,3.0915,,9.1435003,5.7915001,1.9574,,4.8274999,3.9934001,3.2571001,,,4.6771002,5.5784001,12.2831,,,4.9108,11.1346,6.0159001,6.9893999,5.0440001,,2.0973001
7.8249998,3.1063001,,9.2474003,5.8323002,2.0815001,,4.9310002,4.0454001,3.3053,,,4.7149,5.6448002,12.3243,,,5.0022998,11.1966,6.0636001,7.0395999,5.1609998,,2.1405001
7.8901,3.1582999,,9.2958002,5.8785,2.1364999,,4.9836001,4.1115999,3.3852999,,,4.7888999,5.6985998,12.3706,,,5.0521002,11.2845,6.1117001,7.0855999,5.2097998,,2.1767001
7.9366999,3.1984999,,9.3516998,5.9105,2.1715,,5.0256,4.1889,3.4477999,,,4.8189001,5.7467999,12.4298,,,5.0998998,11.3939,6.1608,7.1338,5.2480001,,2.2054999
7.9842,3.2234001,,9.4111996,5.9464998,2.2053001,,5.1152,4.2368002,3.4986999,,,4.8467999,5.8311,12.4786,,,5.1441998,11.4551,6.2132001,7.1803999,5.3072,,2.2458
8.0440998,3.2535,,9.4805002,6.0051999,2.2516,,5.1543999,4.2926002,3.5469,,,4.8835001,5.8839998,12.5171,,,5.1985002,11.5463,6.2607002,7.2284999,5.3625998,,2.2814
8.0971003,3.2944,,9.5764999,6.0551,2.28,,5.2639999,4.3382001,3.5948999,,,4.921,5.9313002,12.5621,,,5.2874999,11.6063,6.3122001,7.2775998,5.4032001,,2.3097
8.1718998,3.3254001,,9.6380997,6.0847001,2.3216,,5.3288002,4.4282999,3.6933,,,4.9471998,5.9854002,12.6173,,,5.3343,11.6544,6.3622999,7.3309999,5.4631,,2.3531001
8.2356005,3.3604,,9.7192001,6.1111999,2.3708,,5.3575001,4.4906998,3.7442999,,,4.9861999,6.0517998,12.6668,,,5.3842001,11.7382,6.4158001,7.3797002,5.5019002,,2.3996
8.3029003,3.4187,,9.7879,6.1374998,2.4470999,,5.3860002,4.5339999,3.7971001,,,5.0163999,6.1143999,12.7255,,,5.4425001,11.8558,6.4615002,7.4278998,5.5832,,2.4437001
8.3594999,3.4456999,,9.8436003,6.1669002,2.4954,,5.4189,4.5977001,3.8426001,,,5.0450001,6.1796999,12.7732,,,5.4931002,11.9381,6.5138001,7.4819999,5.6258001,,2.4916
8.4373999,3.4726,,9.9398003,6.2056999,2.5328,,5.4920001,4.6391001,3.8938999,,,5.0819998,6.2375998,12.8234,,,5.5444999,12.0136,6.5668001,7.5218,5.6747999,,2.5478001
8.5059996,3.5153,,9.9937,6.2452998,2.5883,,5.586,4.6964002,3.9468999,,,5.1170998,6.3311,12.871,,,5.5977998,12.0834,6.6146002,7.5801001,5.7268,,2.5848
8.5650997,3.556,,10.0839,6.2753,2.6341,,5.6113,4.7557001,4.0288,,,5.1483998,6.4131999,12.9064,,,5.6993999,12.1365,6.6701002,7.6255002,5.7933002,,2.6171999
8.6148005,3.585,,10.1397,6.3095999,2.6802001,,5.6691999,4.8016,4.0552001,,,5.1838002,6.474,12.9511,,,5.7364998,12.1938,6.7164001,7.6661,5.8315001,,2.6563001
8.6686001,3.6147001,,10.2872,6.3439999,2.6995001,,5.7270999,4.8797998,4.2017999,,,5.2189999,6.5707002,13,,,5.7737002,12.231,6.7672,7.6996999,5.8649001,,2.7385001
8.7257996,3.6443,,10.3413,6.3755002,2.7374001,,5.7673998,4.9370999,4.2897,,,5.2519002,6.6359,13.0445,,,5.8104,12.2887,6.8284998,7.8456001,5.9250998,,2.7988
8.7891998,3.6687,,10.4422,6.4315,2.7732,,5.7985001,4.9884,4.3464999,,,5.2947001,6.7161999,13.0838,,,5.8877001,12.3459,6.8649001,7.8931999,5.9686999,,2.8462999
8.8425999,3.7075,,10.561,6.4584999,2.7997999,,5.8274999,5.0419998,4.4366002,,,5.3287001,6.8067999,13.1237,,,5.9309001,12.3815,6.9154,7.9454002,6.0342002,,2.8917
8.8970003,3.7407,,10.6255,6.5271001,2.8225,,5.8913999,5.1039,4.4977999,,,5.3704,6.8843002,13.1655,,,5.9631,12.4346,6.973,7.9903002,6.086,,2.9289
9.0145998,3.7709999,,10.685,6.5929999,2.8464,,5.9654999,5.1626,4.5404,,,5.4165001,6.9777999,13.2042,,,6.0114999,12.4836,7.0135999,8.0383997,6.1262999,,2.9744
9.0656996,3.8025,,10.7469,6.6336002,2.8745,,5.9955001,5.2055998,4.6471,,,5.4481001,7.1128001,13.2528,,,6.0640998,12.5267,7.0623002,8.0846996,6.1652002,,2.9995
9.1251001,3.8388,,10.8042,6.6626,2.902,,6.0440998,5.2676001,4.6915998,,,5.4826002,7.2080002,13.2892,,,6.1114998,12.5911,7.1160002,8.1337996,6.2112999,,3.0488999
9.1704998,3.8871,,10.8813,6.6921,2.9375,,6.0792999,5.3192,4.7775002,,,5.5145001,7.2781,13.3357,,,6.1901999,12.6401,7.1550999,8.1836004,6.3016,,3.0711999
9.2129002,3.9154999,,10.9378,6.7175002,2.9981,,6.1251001,5.3734002,4.8438001,,,5.5468001,7.3442998,13.3846,,,6.2333002,12.6841,7.2625999,8.2277002,6.3589001,,3.1050999
9.2831001,3.948,,11.0047,6.7495999,3.0263,,6.1585999,5.4315,4.8985,,,5.5829,7.4180002,13.4292,,,6.2926002,12.7296,7.3231001,8.2755003,6.4116001,,3.1349001
9.3397999,3.9818001,,11.0801,6.7860999,3.0552001,,6.1988001,5.4789,4.9457002,,,5.6159,7.5019999,13.4736,,,6.3477998,12.774,7.3857999,8.3232002,6.4531002,,3.1643
9.3881998,4.0134001,,11.1373,6.8249998,3.076,,6.2368999,5.5275002,4.9958,,,5.6459999,7.5872002,13.5133,,,6.3902998,12.8305,7.4159999,8.3523998,6.5016999,,3.2028999
9.4661999,4.0524998,,11.2172,6.8537002,3.1791999,,6.2948999,5.5777998,5.0475001,,,5.6799998,7.6721001,13.5545,,,6.4342999,12.8659,7.4647999,8.4052,6.5412998,,3.2341001
9.5206003,4.0795999,,11.2792,6.9123998,3.2086999,,6.3351002,5.6241002,5.0974998,,,5.7059002,7.7648001,13.5992,,,6.4642,12.9207,7.5138998,8.4587002,6.6419001,,3.2686999
9.5689001,4.1085,,11.3351,6.9492002,3.2435,,6.3557,5.6662998,5.1364002,,,5.7451,7.8281999,13.6452,,,6.5416002,12.9661,7.5623002,8.493,6.6915998,,3.2987001
9.6103001,4.1370001,,11.3932,6.9826002,3.2688,,6.3955998,5.7217002,5.2315001,,,5.7814002,7.9232001,13.6894,,,6.5823002,13.0177,7.6052999,8.5431004,6.7438998,,3.335
9.6800003,4.1745,,11.455,7.0261002,3.2999001,,6.4418998,5.7869,5.2887998,,,5.8168001,7.9773998,13.7318,,,6.6341,13.0609,7.6336002,8.5822001,6.7855,,3.3573999
9.7497997,4.2062998,,11.5073,7.0637002,3.3296001,,6.4777999,5.8325,5.3564,,,5.8417001,8.0353003,13.7795,,,6.6603999,13.1052,7.6672001,8.6257,6.8302999,,3.3864999
9.8084002,4.2484999,,11.5659,7.0974998,3.3692999,,6.5159998,5.8864002,5.4411001,,,5.8723998,8.0924997,13.8191,,,6.7096,13.1693,7.7150998,8.6732998,6.8645,,3.4393001
9.8662996,4.2803998,,11.635,7.1248002,3.3977001,,6.6409001,5.9432001,5.4952002,,,5.8992,8.1961002,13.8545,,,6.763,13.2454,7.7697001,8.7055998,6.954,,3.4842
9.9406996,4.3295999,,11.6952,7.1556001,3.4342,,6.6876998,5.994,5.5391998,,,5.9323001,8.2852001,13.8956,,,6.8109002,13.3,7.8182001,8.7414999,6.9973998,,3.51
10.0061,4.3789001,,11.7487,7.2521,3.4919,,6.8017001,6.0478001,5.5900002,,,5.9638,8.3387003,13.9445,,,6.8627,13.3574,7.8575001,8.7804003,7.0349998,,3.5436001
10.0581,4.4022002,,11.799,7.2986999,3.5329001,,6.8288002,6.0959001,5.6725998,,,5.9910998,8.4059,13.9874,,,6.9105,13.4365,7.8786001,8.8250999,7.0707002,,3.5717001
10.11,4.4260998,,11.8594,7.3551002,3.5639999,,6.8645,6.1545,5.7364998,,,6.0233002,8.4754,14.033,,,6.9612002,13.5094,7.9159002,8.8697004,7.1136999,,3.6032
10.1696,4.4603,,11.9338,7.3873,3.6040001,,6.8980999,6.2129998,5.7908001,,,6.0476999,8.6281004,14.0801,,,7.0453,13.5973,7.9700999,8.9059,7.1545,,3.6273999
10.224,4.5121999,,11.9986,7.4123001,3.6278999,,6.9369001,6.2726998,5.8318,,,6.0834999,8.6913996,14.1195,,,7.1051002,13.6702,8.0148001,8.9903002,7.1987,,3.6575999
10.2825,4.5563002,,12.0664,7.4408002,3.6659999,,6.9856,6.3334999,5.8846002,,,6.1192999,8.7552004,14.1649,,,7.1827998,13.7331,8.0787001,9.0318003,7.243,,3.6835001
10.3361,4.5952001,,12.1414,7.4703999,3.7028,,7.0585999,6.3806,5.9390998,,,6.1480999,8.8162003,14.2151,,,7.2259002,13.7749,8.1164999,9.0830002,7.2823,,3.7077999
10.3965,4.6255002,,12.2166,7.4984999,3.7355001,,7.1185002,6.4315,6.0282998,,,6.1823001,8.8838997,14.2603,,,7.2722998,13.8475,8.2038002,9.1364002,7.3256998,,3.7293999
10.4598,4.6559,,12.2975,7.5524998,3.7704,,7.1655998,6.4846001,6.0532999,,,6.2224998,8.9618998,14.314,,,7.323,13.9277,8.2621002,9.1843996,7.369,,3.7607999
10.5104,4.6914001,,12.3712,7.5897002,3.802,,7.2098999,6.5581002,6.0938001,,,6.2753,9.0362997,14.3591,,,7.3600001,13.9672,8.3250999,9.2311001,7.4243002,,3.7880001
10.5576,4.7163,,12.466,7.6276002,3.8341999,,7.2758999,6.6059999,6.1487999,,,6.3239002,9.0867996,14.404,,,7.4108,14.0561,8.3652,9.2767,7.4682999,,3.8176999
10.6321,4.7491999,,12.565,7.6683002,3.8715,,7.3175998,6.6465998,6.1956,,,6.3470998,9.1450005,14.4563,,,7.4698,14.1002,8.4138002,9.3095999,7.5179,,3.8461001
10.6807,4.7742,,12.6427,7.697,3.9089,,7.3572001,6.6890001,6.3214002,,,6.3776999,9.1997004,14.5063,,,7.5118999,14.181,8.4647999,9.3487997,7.5714002,,3.8750999
10.7448,4.8157001,,12.7496,7.7333002,3.9428999,,7.3965001,6.7396998,6.3768001,,,6.4147,9.2420998,14.5616,,,7.559,14.2405,8.5166998,9.4420996,7.6303,,3.8999
10.7891,4.9109998,,12.8592,7.8070998,3.9770999,,7.4363999,6.789,6.4379001,,,6.4524002,9.3062,14.6088,,,7.6335001,14.3006,8.5695,9.4849005,7.6849999,,3.9230001
10.9564,4.9411998,,12.9533,7.848,4.033,,7.4590998,6.8600001,6.5531998,,,6.4864998,9.3846998,14.6628,,,7.6838999,14.382,8.6156998,9.5347996,7.7322998,,3.9651
11.0114,4.9772,,13.0495,7.8964,4.0650001,,7.4878998,6.9176002,6.6982002,,,6.5363002,9.4382,14.72,,,7.7449999,14.6227,8.6680002,9.5895996,7.7729001,,3.9954
11.0713,5.0078001,,13.1842,7.9389,4.1029,,7.5275998,6.9654999,6.7923002,,,6.5837002,9.4979,14.7711,,,7.7937002,14.7153,8.7047005,9.6335001,7.8123999,,4.0279002
11.1241,5.0411,,13.3366,7.9755998,4.1244001,,7.5588002,7.0162001,6.8327999,,,6.6169,9.5635996,14.8259,,,7.8527999,14.8733,8.7629995,9.6758003,7.8534999,,4.0576
11.1809,5.0741,,13.4803,8.0099001,4.1529999,,7.6076002,7.0714998,6.8955002,,,6.6539001,9.6295004,14.885,,,7.8916001,,8.8198996,9.7292004,7.8951998,,4.0881
11.2301,5.1037002,,13.5635,8.0488997,4.1847,,7.6577001,7.1153998,6.9554,,,6.7154002,9.7047005,14.9347,,,7.9626999,,8.8724003,9.7777004,7.9341002,,4.1170001
11.2864,5.1388001,,13.7346,8.1182003,4.2487001,,7.7080998,7.1592999,7.0019999,,,6.7484002,9.7744999,14.9803,,,8.0096998,,8.9195004,9.8195,7.9747,,4.1490998
11.3372,5.177,,13.8662,8.1429996,4.2778001,,7.7469001,7.2024002,7.0567999,,,6.7862,9.8337002,,,,8.0384998,,8.9927998,9.8523998,8.0242004,,4.1824002
11.3924,5.2083998,,13.9519,8.1794004,4.3192,,7.7909999,7.2971001,7.1338,,,6.8257999,9.9015999,,,,8.0712004,,9.0159998,9.8971004,8.0576,,4.2063999
11.4364,5.2309999,,14.083,8.2077999,4.3688998,,7.8154998,7.3520002,7.1543002,,,6.8632002,9.9857998,,,,8.1449003,,9.0750999,9.9425001,8.2357998,,4.2431998
11.4752,5.2579999,,14.1667,8.2539997,4.4359999,,7.8484998,7.4018002,7.1946001,,,6.8937001,10.0785,,,,8.2319002,,9.1449003,9.9967003,8.2905998,,4.2786999
11.5421,5.2848001,,14.258,8.2961998,4.4703002,,7.8843999,7.4520001,7.2540998,,,6.9260001,10.1863,,,,8.2658997,,9.1880999,10.0437,8.3319998,,4.3119001
11.5883,5.3202,,14.4375,8.3659,4.5167999,,7.9152999,7.5028,7.2842999,,,7.0042,10.3155,,,,8.3106003,,9.2146997,10.0816,8.3715,,4.3340998
11.6335,5.3583999,,14.5131,8.4140997,4.5654001,,7.9572001,7.5454001,7.3365002,,,7.0448999,10.4133,,,,8.3743,,9.2782001,10.1264,8.4132996,,4.3603001
11.6857,5.3888001,,14.6389,8.4558001,4.6018,,7.9849,7.5913,7.3775001,,,7.0830002,10.5022,,,,8.4145002,,9.3725004,10.1767,8.4533997,,4.3888998
11.734,5.4222002,,14.7215,8.4921999,4.6280999,,8.0293999,7.6213999,7.4394002,,,7.1240001,10.5799,,,,8.4806995,,9.4111996,10.229,8.5030003,,4.4208002
11.7667,5.4428,,14.8704,8.5342999,4.6564999,,8.0733995,7.6679001,7.5015998,,,7.1662998,10.7123,,,,8.5242004,,9.4691,10.2823,8.5445995,,4.4467001
11.8244,5.4763999,,14.9439,8.6117001,4.6956,,8.1274004,7.7073998,7.5785999,,,7.1950998,10.7876,,,,8.5802002,,9.5654001,10.3261,8.5904999,,4.4766998
11.8711,5.5092001,,,8.6714001,4.7379999,,8.1521997,7.7438998,7.6405001,,,7.2382998,10.8517,,,,8.6140003,,9.6436005,10.3714,8.6423998,,4.5229001
11.9106,5.5419002,,,8.7414999,4.7688999,,8.1953001,7.7975998,7.6841002,,,7.2774,10.915,,,,8.6924,,9.6726999,10.4301,8.6794004,,4.5592999
11.9564,5.5665998,,,8.7693005,4.8176999,,8.2483997,7.8470998,7.7424002,,,7.3174,10.9666,,,,8.7483997,,9.7437,10.4752,8.7365999,,4.6343002
11.9973,5.5890002,,,8.8037996,4.8922,,8.2720003,7.9036999,7.7907,,,7.3477998,11.033,,,,8.8118,,9.7771997,10.5193,8.7812996,,4.6679001
12.0442,5.6114001,,,8.8640003,4.9306998,,8.3114004,7.9382,7.8516998,,,7.3813,11.0955,,,,8.8634005,,9.9209995,10.5549,8.8156996,,4.6964998
12.094,5.6381001,,,8.8971996,4.9765,,8.3409996,8.0072002,7.8945999,,,7.4189,11.1634,,,,8.9200001,,9.9775,10.5883,8.8488998,,4.7335
12.1817,5.6647,,,8.9589996,5.0149002,,8.3719997,8.0658998,7.9713998,,,7.4445,11.2728,,,,8.9622002,,10.0242,10.6388,8.8875999,,4.7549
12.2331,5.6919999,,,9.0226002,5.0388999,,8.4061003,8.1082001,8.0407,,,7.487,11.3338,,,,9.0115995,,10.1155,10.6783,8.9342003,,4.7873001
12.2884,5.7305999,,,9.0569,5.0774002,,8.4427004,8.1539001,8.1026001,,,7.5267,11.4096,,,,9.0598001,,10.2614,10.724,8.9758997,,4.823
12.3357,5.7680001,,,9.1129999,5.0977001,,8.4678001,8.2573996,8.1712999,,,7.5651999,11.4826,,,,9.1138,,10.3221,10.7863,9.0472002,,4.8526001
12.3921,5.8312001,,,9.1745996,5.1289001,,8.4981003,8.3254995,8.2079,,,7.5970001,11.5402,,,,9.1667995,,10.4402,10.8337,9.0888996,,4.8801999
12.4561,5.8597002,,,9.2149,5.1532998,,8.5263004,8.3753004,8.2869997,,,7.6401,11.5898,,,,9.2107,,10.4984,10.8757,9.1322002,,4.9074998
12.499,5.8873,,,9.2690001,5.1806998,,8.5548,8.4320002,8.3409996,,,7.6845002,11.648,,,,9.2643003,,10.5782,10.9092,9.1775999,,4.9446001
12.5462,5.9252,,,9.3043003,5.2245002,,8.585,8.4727001,8.3942003,,,7.7171001,11.7328,,,,9.3123999,,10.6666,10.9495,9.2264004,,4.9819002
12.6019,5.9594002,,,9.3692999,5.2543001,,8.6415997,8.5433998,8.4436998,,,7.7564001,11.7939,,,,9.3642998,,10.7426,11.0055,9.2716999,,5.0131001
12.6528,5.9903998,,,9.4188004,5.3037,,8.6880999,8.5946999,8.4988003,,,7.7944002,11.86,,,,9.4110003,,10.8195,11.049,9.3275003,,5.0458999
12.7126,6.0125999,,,9.5347004,5.3404999,,8.7382002,8.6394997,8.5483999,,,7.8235998,11.9115,,,,9.4617996,,10.9296,11.0959,9.3605003,,5.0771999
12.7561,6.0366998,,,9.5700998,5.3645,,8.7681999,8.6952,8.5823002,,,7.8557,11.9631,,,,9.5325003,,11.0158,11.1352,9.4076004,,5.1079998
12.8102,6.0675001,,,9.6107998,5.4035001,,8.8220997,8.7402,8.6447001,,,7.8909001,12.0312,,,,9.5764999,,11.1713,11.1735,9.4559002,,5.1329999
12.8539,6.1065998,,,9.6597996,5.4382,,8.8855,8.7940998,8.6789999,,,7.9240999,12.0928,,,,9.6275997,,11.2647,11.2245,9.5962,,5.1540999
12.9044,6.158,,,9.7102003,5.4828,,8.9469995,8.8556004,8.7550001,,,7.9521999,12.1685,,,,9.6820002,,11.3667,11.26,9.6381998,,5.1788998
12.9427,6.1845002,,,9.7521,5.5414,,8.9765997,8.9202003,8.8233995,,,7.9791999,12.2512,,,,9.7356005,,11.4735,11.3254,9.6768999,,5.2037001
13.0064,6.2097998,,,9.8470001,5.5611,,9.0170002,8.9723997,8.8453999,,,8.0361996,12.334,,,,9.7965002,,11.5706,11.3809,9.7220001,,5.2323999
13.037,6.2452998,,,9.8780003,5.5936999,,9.0489998,9.0365,8.9034004,,,8.0629997,12.4025,,,,9.8608999,,11.7547,11.4299,9.7652998,,5.2530999
13.0965,6.2674999,,,9.9273005,5.6178002,,9.0683002,9.1051998,8.9474001,,,8.0924997,12.467,,,,9.9158001,,11.8545,11.4812,9.8174,,5.2793999
13.142,6.2856998,,,10.0123,5.6459999,,9.0984001,9.1681995,8.9904003,,,8.1213999,12.542,,,,9.9763002,,11.9198,11.5274,9.8972998,,5.3287001
13.2075,6.3167,,,10.0798,5.6722999,,9.1365004,9.2231998,9.0431004,,,8.1423998,12.6079,,,,10.0302,,11.9925,11.5739,9.9413996,,5.3481998
13.2424,6.3431001,,,10.1017,5.6929998,,9.1594,9.2809,9.0955,,,8.1772003,12.6835,,,,10.0964,,12.1535,11.6252,9.9783001,,5.3759999
13.2813,6.3702002,,,10.1525,5.7270999,,9.1913004,9.3276997,9.1478004,,,8.2334003,12.7608,,,,10.1555,,12.1991,11.6706,10.0209,,5.3979001
13.3525,6.3889999,,,10.1954,5.7648001,,9.2743998,9.3885002,9.1856003,,,8.2699003,12.8142,,,,10.2119,,12.6397,11.6982,10.0649,,5.4282999
13.4054,6.4221001,,,10.2309,5.7858,,9.2974005,9.4474001,9.2300997,,,8.3077002,12.8835,,,,10.2805,,12.8713,11.7463,10.1042,,5.4628
13.4485,6.4545002,,,10.2643,5.8038998,,9.3910999,9.5060997,9.2559004,,,8.3383999,12.9631,,,,10.3563,,13.3505,11.7999,10.1954,,5.4863
13.4985,6.4784002,,,10.3306,5.8435998,,9.4327002,9.5626001,9.3067999,,,8.3813,13.0366,,,,10.4081,,13.5753,11.8523,10.2473,,5.5091
13.5382,6.5050998,,,10.3548,5.8873,,9.4533005,9.6110001,9.3540001,,,8.4162998,13.1449,,,,10.4644,,14.5431,11.8907,10.2965,,5.5439
13.5945,6.5419002,,,10.4231,5.9177999,,9.4794998,9.6589003,9.4267998,,,8.4533005,13.226,,,,10.512,,,11.9388,10.3293,,5.573
13.6572,6.5823002,,,10.4656,5.9432001,,9.5151997,9.7289,9.4715004,,,8.5025997,13.2969,,,,10.5715,,,11.9886,10.3659,,5.5893998
13.6996,6.6097999,,,10.5191,5.9721999,,9.5818996,9.7927999,9.5035,,,8.5348997,13.3765,,,,10.6205,,,12.0298,10.4174,,5.6044002
13.7614,6.6455998,,,10.5791,6.0233002,,9.6111002,9.8427,9.5726995,,,8.5702,13.4439,,,,10.6776,,,12.0653,10.4624,,5.6329002
13.7957,6.6746998,,,10.6414,6.0890999,,9.6385002,9.8877001,9.6278,,,8.6021004,13.5101,,,,10.7125,,,12.1043,10.5034,,5.6936002
13.8455,6.7080002,,,10.6749,6.1199002,,9.684,9.9279003,9.6738005,,,8.6442003,13.5745,,,,10.7628,,,12.146,10.54,,5.7199998
13.912,6.7277002,,,10.7188,6.1883001,,9.7406998,9.9968996,9.7711,,,8.6976995,13.6518,,,,10.8102,,,12.1945,10.584,,5.7495999
13.9427,6.7571998,,,10.7618,6.204,,9.7939997,10.0318,9.8243999,,,8.7356997,13.7162,,,,10.861,,,12.2303,10.6247,,5.7820001
14.0109,6.7905998,,,10.7969,6.2328,,9.8438997,10.0907,9.8982,,,8.7756004,13.7822,,,,10.9108,,,12.269,10.6674,,5.8118
14.0601,6.8105001,,,10.8328,6.2652001,,9.8872995,10.1325,9.9497995,,,8.8017998,13.8351,,,,10.986,,,12.3111,10.7062,,5.8551002
14.1263,6.8367,,,10.8872,6.2835002,,9.9517002,10.1861,9.9882002,,,8.8492002,13.897,,,,11.0368,,,12.3489,10.7476,,5.8811002
14.1806,6.8709998,,,10.9188,6.3059001,,10.009,10.2381,10.0476,,,8.8992996,13.9674,,,,11.0917,,,12.4051,10.7881,,5.9060001
14.216,6.9315,,,10.9607,6.3348999,,10.0691,10.2885,10.0942,,,8.9305,14.0374,,,,11.1644,,,12.4369,10.836,,5.9345999
14.2643,6.9538999,,,10.9945,6.3557,,10.1197,10.3452,10.2021,,,8.9706001,14.1197,,,,11.2193,,,12.4752,10.8777,,5.9684
14.3019,6.9843001,,,11.0308,6.3859,,10.1523,10.4219,10.2469,,,9.0331001,14.1986,,,,11.2694,,,12.5166,10.9159,,6.0015998
14.3481,7.0089002,,,11.0569,6.4155998,,10.1922,10.4725,10.3273,,,9.0733004,14.2752,,,,11.3323,,,12.5576,10.9528,,6.0573001
14.3885,7.0359001,,,11.0972,6.4324002,,10.2321,10.5323,10.3754,,,9.1197996,14.3716,,,,11.3868,,,12.5982,11.0022,,6.0813999
14.4215,7.0616999,,,11.1306,6.4552002,,10.2789,10.5839,10.4067,,,9.1648998,14.4547,,,,11.4485,,,12.6548,11.0427,,6.1217999
14.4623,7.1047001,,,11.1705,6.4751,,10.3133,10.6386,10.4459,,,9.1926003,14.5244,,,,11.4828,,,12.7013,11.1076,,6.1461
14.5084,7.1258998,,,11.2214,6.5036998,,10.4026,10.6828,10.4975,,,9.2353001,14.6074,,,,11.5622,,,12.7461,11.1397,,6.1725998
14.5514,7.1462002,,,11.2558,6.5289001,,10.4425,10.7593,10.5354,,,9.2719002,14.6741,,,,11.6374,,,12.7955,11.1942,,6.2101998
14.6059,7.1654,,,11.3034,6.5615001,,10.4776,10.813,10.624,,,9.3346004,14.7979,,,,11.6989,,,12.8336,11.234,,6.2343001
14.637,7.1939998,,,11.3321,6.5853,,10.5181,10.8595,10.6456,,,9.3688002,14.9005,,,,11.7409,,,12.877,11.285,,6.2677002
14.6821,7.2158999,,,11.382,6.6016998,,10.5459,10.9195,10.6768,,,9.3957005,14.9604,,,,11.8336,,,12.9228,11.3314,,6.2925
14.7263,7.2305999,,,11.4147,6.6311998,,10.5792,10.967,10.7332,,,9.4294996,,,,,11.9074,,,12.9581,11.371,,6.3332
14.7737,7.2486,,,11.4532,6.6799002,,10.6207,11.0379,10.7983,,,9.4729996,,,,,11.9612,,,13.0085,11.4114,,6.3744998
14.8136,7.2809,,,11.4864,6.7129998,,10.6685,11.0999,10.8774,,,9.5103998,,,,,12.0296,,,13.0638,11.4518,,6.4127998
14.8669,7.3151999,,,11.5291,6.7399998,,10.7215,11.1583,10.9309,,,9.5390997,,,,,12.0982,,,13.1243,11.512,,6.4559999
14.9047,7.3498001,,,11.5589,6.7625999,,10.7799,11.2049,10.9577,,,9.5754995,,,,,12.1927,,,13.1664,11.566,,6.5025001
14.9749,7.3850999,,,11.5949,6.7848001,,10.8032,11.2567,10.9995,,,9.6125002,,,,,12.2958,,,13.2097,11.5991,,6.5524998
,7.4109998,,,11.6209,6.8153,,10.8696,11.3207,11.037,,,9.6423998,,,,,12.4038,,,13.2502,11.6498,,6.6075001
,7.4649,,,11.6574,6.8397999,,10.9363,11.384,11.0945,,,9.6745996,,,,,12.4638,,,13.2948,11.688,,6.638
,7.4889002,,,11.6866,6.8681998,,10.9914,11.4275,11.1852,,,9.7222996,,,,,12.523,,,13.3459,11.7481,,6.6893001
,7.5190001,,,11.7236,6.8912001,,11.0345,11.5026,11.2406,,,9.7645998,,,,,12.6372,,,13.3987,11.7989,,6.7305999
,7.5475001,,,11.7814,6.9162998,,11.1022,11.5576,11.2617,,,9.8069,,,,,12.7457,,,13.4635,11.8457,,6.7645001
,7.5625,,,11.8386,6.9450002,,11.1291,11.5961,11.3044,,,9.8431997,,,,,12.8247,,,13.5168,11.8869,,6.8369002
,7.5974002,,,11.8838,6.9699001,,11.1867,11.6707,11.3411,,,9.8823004,,,,,12.9002,,,13.5572,11.9267,,6.8590002
,7.6355,,,11.9188,6.9924002,,11.2409,11.7467,11.4194,,,9.9188004,,,,,13.0315,,,13.6181,11.9851,,6.8934999
,7.6619,,,11.9442,7.0226998,,11.2818,11.7893,11.4531,,,9.9489002,,,,,13.3431,,,13.6549,12.0376,,6.9222999
,7.6943002,,,11.9815,7.0489001,,11.3319,11.838,11.4895,,,9.9888,,,,,13.4122,,,13.7089,12.086,,6.9457002
,7.7378998,,,12.0237,7.0709,,11.3771,11.8792,11.5918,,,10.032,,,,,13.5961,,,13.7413,12.1368,,6.9812002
,7.7698998,,,12.0716,7.0967999,,11.4082,11.9481,11.6266,,,10.0753,,,,,13.7106,,,13.784,12.1955,,7.0191998
,7.7927999,,,12.0967,7.1448998,,11.4392,12.0008,11.6768,,,10.1144,,,,,13.9356,,,13.8202,12.2584,,7.0569
,7.8171,,,12.131,7.1573,,11.4845,12.0569,11.7056,,,10.146,,,,,13.99,,,13.8606,12.3086,,7.0927
,7.8386998,,,12.165,7.1883998,,11.5278,12.0971,11.7475,,,10.193,,,,,14.0799,,,13.9031,12.3573,,7.1258001
,7.8663998,,,12.1939,7.2037001,,11.5667,12.1268,11.7976,,,10.2359,,,,,14.1804,,,13.9607,12.4116,,7.1675
,7.8887,,,12.2284,7.2399001,,11.6093,12.1676,11.837,,,10.2828,,,,,14.2515,,,13.9974,12.4654,,7.2089
,7.9092002,,,12.2584,7.2691002,,11.627,12.2115,11.875,,,10.3248,,,,,14.3132,,,14.0379,12.5205,,7.2858
,7.9257998,,,12.287,7.2946,,11.6617,12.2724,11.9405,,,10.3692,,,,,14.3986,,,14.083,12.5698,,7.3154998
,7.9530001,,,12.3122,7.3171,,11.706,12.3268,11.9779,,,10.3985,,,,,14.4733,,,14.1252,12.6066,,7.3558002
,7.9864001,,,12.3346,7.3376999,,11.7533,12.3638,12.0167,,,10.4371,,,,,14.5248,,,14.1683,12.6834,,7.4095998
,8.0121002,,,12.3753,7.3631001,,11.812,12.4372,12.0467,,,10.4765,,,,,14.6319,,,14.228,12.7273,,7.4786
,8.0536003,,,12.4121,7.3846002,,11.8604,12.4626,12.0831,,,10.5195,,,,,14.7249,,,14.2719,12.7878,,7.5283999
,8.0721998,,,12.4435,7.4211001,,11.9287,12.5023,12.1183,,,10.5628,,,,,14.8054,,,14.3256,12.8507,,7.5714002
,8.0958004,,,12.466,7.4400001,,11.9593,12.5394,12.1449,,,10.5959,,,,,14.9486,,,14.3687,12.9133,,7.6132998
,8.1167002,,,12.504,7.4688001,,12.0112,12.5764,12.1745,,,10.6302,,,,,,,,14.4036,12.974,,7.6528001
,8.1386995,,,12.5412,7.4931998,,12.0905,12.6414,12.2048,,,10.6753,,,,,,,,14.4546,13.0549,,7.6824002
,8.1676998,,,12.5782,7.5286999,,12.1705,12.6674,12.2352,,,10.7187,,,,,,,,14.5123,13.1266,,7.7357001
,8.1945,,,12.602,7.5462999,,12.2426,12.7014,12.2686,,,10.7715,,,,,,,,14.5557,13.1869,,7.7842999
,8.2137003,,,12.635,7.5759001,,12.4357,12.747,12.3021,,,10.8173,,,,,,,,14.6004,13.2482,,7.8238001
,8.2356997,,,12.7245,7.5967002,,12.4697,12.7948,12.333,,,10.8652,,,,,,,,14.6406,13.3223,,7.8710999
,8.2790003,,,12.8182,7.619,,12.7076,12.8296,12.3655,,,10.9057,,,,,,,,14.6923,13.3658,,7.9098001
,8.3062,,,12.8495,7.6366,,12.7917,12.8535,12.3978,,,10.9422,,,,,,,,14.7458,13.4266,,7.9583001
,8.3330002,,,12.8862,7.6768999,,12.9724,12.8915,12.4313,,,10.9824,,,,,,,,14.8084,13.4854,,8.0488997
,8.3702002,,,12.91,7.6961999,,13.0011,12.9204,12.4629,,,11.0207,,,,,,,,14.858,13.5455,,8.0881996
,8.3900995,,,12.9382,7.7136998,,13.0566,12.9512,12.4957,,,11.0461,,,,,,,,14.9096,13.5857,,8.1259003
,8.4120998,,,12.9679,7.7402,,13.0937,13.0147,12.5274,,,11.0813,,,,,,,,14.9845,13.6334,,8.1597004
,8.441,,,13.0182,7.7718,,13.149,13.0576,12.5608,,,11.1248,,,,,,,,,13.7043,,8.1998997
,8.4582996,,,13.0545,7.7975001,,13.2108,13.1018,12.603,,,11.1526,,,,,,,,,13.7985,,8.2364998
,8.4858999,,,13.0841,7.8259001,,13.2561,13.1326,12.6359,,,11.1924,,,,,,,,,13.8529,,8.2749004
,8.5226002,,,13.1284,7.8529,,13.275,13.1619,12.6692,,,11.2281,,,,,,,,,13.9193,,8.3128004
,8.5649996,,,13.1781,7.8892999,,13.3068,13.1939,12.7014,,,11.2559,,,,,,,,,13.984,,8.3515997
,8.5811005,,,13.2034,7.9240999,,13.3518,13.2285,12.7329,,,11.2909,,,,,,,,,14.0656,,8.3837996
,8.5991001,,,13.236,7.9390001,,13.3801,13.2801,12.7684,,,11.3283,,,,,,,,,14.1144,,8.4258003
,8.6220999,,,13.2745,7.9594998,,13.4119,13.3197,12.8028,,,11.3566,,,,,,,,,14.1789,,8.5149002
,8.6517,,,13.3207,7.9791002,,13.4601,13.3772,12.8418,,,11.3886,,,,,,,,,14.2586,,8.5535002
,8.6738997,,,13.3504,8.0061998,,13.4939,13.4145,12.8751,,,11.4224,,,,,,,,,14.3177,,8.5748997
,8.6934996,,,13.3982,8.0397997,,13.5517,13.4543,12.913,,,11.4611,,,,,,,,,14.3713,,8.6166
,8.7191,,,13.4579,8.0558996,,13.5738,13.4855,12.955,,,11.4956,,,,,,,,,14.4386,,8.6398001
,8.7469997,,,13.4938,8.0785999,,13.6162,13.5401,12.9885,,,11.5359,,,,,,,,,14.498,,8.6729002
,8.7719002,,,13.5509,8.0971003,,13.6564,13.586,13.0257,,,11.5723,,,,,,,,,14.5662,,8.7032003
,8.8041,,,13.6042,8.1096001,,13.703,13.6406,13.0595,,,11.6069,,,,,,,,,14.6308,,8.7256002
,8.8254995,,,13.6593,8.1275997,,13.7292,13.6745,13.0946,,,11.649,,,,,,,,,14.7049,,8.757
,8.8760004,,,13.7011,8.1520004,,13.7852,13.728,13.1287,,,11.6921,,,,,,,,,14.7772,,8.8376999
,8.9062996,,,13.7745,8.1752996,,13.8294,13.7648,13.1649,,,11.7275,,,,,,,,,14.8475,,8.8639002
,8.9420996,,,13.9516,8.1990004,,13.8841,13.8148,13.1996,,,11.7711,,,,,,,,,14.8975,,8.8874998
,8.9792995,,,13.9781,8.2245998,,13.9512,13.8534,13.2357,,,11.8065,,,,,,,,,14.9317,,8.9291
,9.0053997,,,14.0377,8.2484999,,14.0046,13.8933,13.2697,,,11.838,,,,,,,,,,,8.9567003
,9.0396996,,,14.0675,8.2702999,,14.0413,13.9345,13.3103,,,11.888,,,,,,,,,,,8.9789
,9.0615997,,,14.1446,8.3125,,14.0742,13.9677,13.3479,,,11.9279,,,,,,,,,,,9.0021
,9.0927,,,14.2221,8.3358002,,14.1153,14.0095,13.3833,,,11.9712,,,,,,,,,,,9.0305996
,9.1232004,,,14.2691,8.3708,,14.167,14.0422,13.4157,,,12.0035,,,,,,,,,,,9.0562
,9.1654997,,,14.4044,8.3963003,,14.2158,14.0771,13.4504,,,12.053,,,,,,,,,,,9.0804005
,9.1897001,,,14.4454,8.4175997,,14.2541,14.1156,13.4927,,,12.0828,,,,,,,,,,,9.0962
,9.2146997,,,14.4896,8.4487,,14.297,14.158,13.529,,,12.1208,,,,,,,,,,,9.1162996
,9.2551003,,,14.5407,8.4715004,,14.3585,14.2098,13.569,,,12.1533,,,,,,,,,,,9.1592999
,9.2819996,,,14.6578,8.4989996,,14.4121,14.2645,13.6042,,,12.1862,,,,,,,,,,,9.1985998
,9.3086996,,,14.6859,8.5232,,14.4522,14.3058,13.6474,,,12.2155,,,,,,,,,,,9.2180004
,9.3277998,,,14.7654,8.5494003,,14.4983,14.3561,13.6835,,,12.2465,,,,,,,,,,,9.2447004
,9.3657999,,,14.8516,8.5825996,,14.5465,14.4047,13.7274,,,12.2849,,,,,,,,,,,9.2607002
,9.3874998,,,14.883,8.5958004,,14.6165,14.4589,13.766,,,12.3168,,,,,,,,,,,9.2749996
,9.4175997,,,14.9157,8.6281996,,14.6687,14.4907,13.8009,,,12.3529,,,,,,,,,,,9.2966995
,9.4408998,,,14.9519,8.6538,,14.7648,14.5359,13.8428,,,12.4008,,,,,,,,,,,9.3437004
,9.4796,,,14.9767,8.6806002,,14.7963,14.5624,13.8775,,,12.4351,,,,,,,,,,,9.3650999
,9.5017996,,,,8.7045002,,14.8369,14.5873,13.9232,,,12.4881,,,,,,,,,,,9.3860998
,9.5228996,,,,8.7265997,,14.8712,14.6177,13.9748,,,12.5221,,,,,,,,,,,9.4126997
,9.5559998,,,,8.7418003,,14.9121,14.6699,14.0179,,,12.5516,,,,,,,,,,,9.4485998
,9.5918999,,,,8.7686996,,14.9461,14.7429,14.0596,,,12.5855,,,,,,,,,,,9.4794998
,9.6262999,,,,8.7952003,,14.9909,14.7773,14.0969,,,12.6161,,,,,,,,,,,9.5072002
,9.6581001,,,,8.8304005,,,14.8182,14.1482,,,12.6497,,,,,,,,,,,9.5372
,9.6744003,,,,8.8453999,,,14.8552,14.1909,,,12.6805,,,,,,,,,,,9.5764999
,9.7028999,,,,8.8802004,,,14.9095,14.2348,,,12.7207,,,,,,,,,,,9.6152
,9.7349997,,,,8.9103003,,,14.94,14.282,,,12.7681,,,,,,,,,,,9.6478004
,9.7550001,,,,8.941,,,14.9891,14.3208,,,12.8205,,,,,,,,,,,9.6849003
,9.7789001,,,,8.9590998,,,,14.3584,,,12.8675,,,,,,,,,,,9.7333002
,9.7974997,,,,8.9801998,,,,14.3976,,,12.9093,,,,,,,,,,,9.7866001
,9.8311996,,,,8.9973001,,,,14.4349,,,12.9512,,,,,,,,,,,9.8354998
,9.8599005,,,,9.0139999,,,,14.4729,,,13.0033,,,,,,,,,,,9.8730001
,9.8865004,,,,9.0288,,,,14.513,,,13.0426,,,,,,,,,,,9.9020004
,9.9041004,,,,9.0465002,,,,14.5543,,,13.078,,,,,,,,,,,9.9387999
,9.9315004,,,,9.0790997,,,,14.5971,,,13.1119,,,,,,,,,,,9.9802999
,9.9551001,,,,9.1079998,,,,14.6344,,,13.1621,,,,,,,,,,,10.0165
,9.9865999,,,,9.1325998,,,,14.6833,,,13.2011,,,,,,,,,,,10.053
,10.0158,,,,9.1573,,,,14.7264,,,13.238,,,,,,,,,,,10.0794
,10.0399,,,,9.1935997,,,,14.7635,,,13.2705,,,,,,,,,,,10.1037
,10.0652,,,,9.2072001,,,,14.8087,,,13.3138,,,,,,,,,,,10.1208
,10.0912,,,,9.2328997,,,,14.8605,,,13.3611,,,,,,,,,,,10.1451
,10.1185,,,,9.2653999,,,,14.9083,,,13.4036,,,,,,,,,,,10.1599
,10.1454,,,,9.2827997,,,,14.9551,,,13.4431,,,,,,,,,,,10.1781
,10.1729,,,,9.2972002,,,,14.9976,,,13.48,,,,,,,,,,,10.2041
,10.2031,,,,9.3154001,,,,,,,13.5108,,,,,,,,,,,10.2204
,10.2199,,,,9.3371,,,,,,,13.5488,,,,,,,,,,,10.2427
,10.2404,,,,9.3614998,,,,,,,13.5921,,,,,,,,,,,10.2676
,10.267,,,,9.3853998,,,,,,,13.6279,,,,,,,,,,,10.308
,10.2901,,,,9.4022999,,,,,,,13.6731,,,,,,,,,,,10.3261
,10.3122,,,,9.4216995,,,,,,,13.7078,,,,,,,,,,,10.3692
,10.3414,,,,9.4362001,,,,,,,13.739,,,,,,,,,,,10.4079
,10.3639,,,,9.4528999,,,,,,,13.7807,,,,,,,,,,,10.4427
,10.3861,,,,9.4708996,,,,,,,13.8176,,,,,,,,,,,10.4958
,10.4179,,,,9.4914999,,,,,,,13.8595,,,,,,,,,,,10.5161
,10.4491,,,,9.5144997,,,,,,,13.8979,,,,,,,,,,,10.5407
,10.472,,,,9.5474997,,,,,,,13.933,,,,,,,,,,,10.5603
,10.4963,,,,9.5640001,,,,,,,13.9811,,,,,,,,,,,10.598
,10.5126,,,,9.5846004,,,,,,,14.0169,,,,,,,,,,,10.6231
,10.538,,,,9.6296997,,,,,,,14.0489,,,,,,,,,,,10.659
,10.5602,,,,9.6562004,,,,,,,14.0795,,,,,,,,,,,10.6768
,10.5795,,,,9.6782999,,,,,,,14.1236,,,,,,,,,,,10.6974
,10.6089,,,,9.7046003,,,,,,,14.1641,,,,,,,,,,,10.7315
,10.6298,,,,9.7266998,,,,,,,14.198,,,,,,,,,,,10.7717
,10.658,,,,9.7461996,,,,,,,14.2313,,,,,,,,,,,10.7966
,10.6859,,,,9.7713003,,,,,,,14.2728,,,,,,,,,,,10.8167
,10.7131,,,,9.8301001,,,,,,,14.3057,,,,,,,,,,,10.8619
,10.7469,,,,9.8542995,,,,,,,14.3431,,,,,,,,,,,10.8923
,10.7713,,,,9.8711004,,,,,,,14.375,,,,,,,,,,,10.9164
,10.7991,,,,9.8880997,,,,,,,14.4105,,,,,,,,,,,10.9437
,10.8169,,,,9.9032001,,,,,,,14.4494,,,,,,,,,,,10.9717
,10.8421,,,,9.9204998,,,,,,,14.4778,,,,,,,,,,,10.9912
,10.8708,,,,9.9469004,,,,,,,14.5067,,,,,,,,,,,11.0043
,10.903,,,,9.9815998,,,,,,,14.5447,,,,,,,,,,,11.0179
,10.9243,,,,9.9946003,,,,,,,14.5815,,,,,,,,,,,11.0382
,10.9569,,,,10.0205,,,,,,,14.6316,,,,,,,,,,,11.0633
,10.9837,,,,10.0427,,,,,,,14.6599,,,,,,,,,,,11.091
,11.0037,,,,10.0725,,,,,,,14.6911,,,,,,,,,,,11.1172
,11.0425,,,,10.0907,,,,,,,14.7315,,,,,,,,,,,11.1456
,11.0642,,,,10.1172,,,,,,,14.7669,,,,,,,,,,,11.1675
,11.0946,,,,10.1386,,,,,,,14.8052,,,,,,,,,,,11.1879
,11.1211,,,,10.1636,,,,,,,14.8436,,,,,,,,,,,11.2259
,11.1481,,,,10.1838,,,,,,,14.8873,,,,,,,,,,,11.2499
,11.1694,,,,10.2061,,,,,,,14.924,,,,,,,,,,,11.2666
,11.1902,,,,10.2226,,,,,,,14.9703,,,,,,,,,,,11.2859
,11.2213,,,,10.2369,,,,,,,,,,,,,,,,,,11.3158
,11.241,,,,10.2523,,,,,,,,,,,,,,,,,,11.3354
,11.2646,,,,10.2815,,,,,,,,,,,,,,,,,,11.3589
,11.2932,,,,10.3029,,,,,,,,,,,,,,,,,,11.3803
,11.3119,,,,10.3278,,,,,,,,,,,,,,,,,,11.4395
,11.3354,,,,10.3422,,,,,,,,,,,,,,,,,,11.4593
,11.3547,,,,10.3771,,,,,,,,,,,,,,,,,,11.4741
,11.3936,,,,10.4022,,,,,,,,,,,,,,,,,,11.5037
,11.4273,,,,10.4254,,,,,,,,,,,,,,,,,,11.5243
,11.4581,,,,10.4759,,,,,,,,,,,,,,,,,,11.5449
,11.4824,,,,10.5108,,,,,,,,,,,,,,,,,,11.5753
,11.5083,,,,10.5308,,,,,,,,,,,,,,,,,,11.5919
,11.5335,,,,10.5473,,,,,,,,,,,,,,,,,,11.6306
,11.5589,,,,10.5654,,,,,,,,,,,,,,,,,,11.6477
,11.582,,,,10.5877,,,,,,,,,,,,,,,,,,11.6729
,11.6105,,,,10.6086,,,,,,,,,,,,,,,,,,11.7058
,11.6472,,,,10.6305,,,,,,,,,,,,,,,,,,11.7419
,11.6743,,,,10.6478,,,,,,,,,,,,,,,,,,11.7851
,11.6999,,,,10.6679,,,,,,,,,,,,,,,,,,11.8129
,11.7301,,,,10.6824,,,,,,,,,,,,,,,,,,11.8405
,11.7539,,,,10.6983,,,,,,,,,,,,,,,,,,11.8611
,11.7811,,,,10.728,,,,,,,,,,,,,,,,,,11.8944
,11.8105,,,,10.7461,,,,,,,,,,,,,,,,,,11.9194
,11.8311,,,,10.7679,,,,,,,,,,,,,,,,,,11.9468
,11.855,,,,10.7817,,,,,,,,,,,,,,,,,,11.9706
,11.8735,,,,10.8234,,,,,,,,,,,,,,,,,,11.9959
,11.8984,,,,10.8415,,,,,,,,,,,,,,,,,,12.022
,11.9197,,,,10.8586,,,,,,,,,,,,,,,,,,12.0433
,11.9462,,,,10.879,,,,,,,,,,,,,,,,,,12.0693
,11.9688,,,,10.8948,,,,,,,,,,,,,,,,,,12.0942
,11.999,,,,10.9077,,,,,,,,,,,,,,,,,,12.1207
,12.0216,,,,10.9243,,,,,,,,,,,,,,,,,,12.1652
,12.0553,,,,10.9392,,,,,,,,,,,,,,,,,,12.1861
,12.0815,,,,10.958,,,,,,,,,,,,,,,,,,12.2074
,12.1244,,,,10.9761,,,,,,,,,,,,,,,,,,12.2441
,12.1499,,,,10.9935,,,,,,,,,,,,,,,,,,12.2789
,12.175,,,,11.0086,,,,,,,,,,,,,,,,,,12.3096
,12.1931,,,,11.0364,,,,,,,,,,,,,,,,,,12.3566
,12.2132,,,,11.055,,,,,,,,,,,,,,,,,,12.3828
,12.2636,,,,11.0731,,,,,,,,,,,,,,,,,,12.4172
,12.3034,,,,11.0939,,,,,,,,,,,,,,,,,,12.4465
,12.3294,,,,11.1097,,,,,,,,,,,,,,,,,,12.4719
,12.3758,,,,11.1298,,,,,,,,,,,,,,,,,,12.5109
,12.4079,,,,11.1459,,,,,,,,,,,,,,,,,,12.5361
,12.433,,,,11.1601,,,,,,,,,,,,,,,,,,12.5716
,12.4782,,,,11.1754,,,,,,,,,,,,,,,,,,12.6064
,12.5032,,,,11.2231,,,,,,,,,,,,,,,,,,12.6425
,12.5268,,,,11.2431,,,,,,,,,,,,,,,,,,12.6731
,12.5444,,,,11.2655,,,,,,,,,,,,,,,,,,12.7048
,12.5833,,,,11.2877,,,,,,,,,,,,,,,,,,12.7436
,12.6076,,,,11.3055,,,,,,,,,,,,,,,,,,12.7763
,12.6431,,,,11.3258,,,,,,,,,,,,,,,,,,12.8042
,12.6747,,,,11.3495,,,,,,,,,,,,,,,,,,12.8425
,12.6972,,,,11.3788,,,,,,,,,,,,,,,,,,12.8816
,12.728,,,,11.3977,,,,,,,,,,,,,,,,,,12.9097
,12.7459,,,,11.4157,,,,,,,,,,,,,,,,,,12.9404
,12.7756,,,,11.4306,,,,,,,,,,,,,,,,,,12.9661
,12.8098,,,,11.4492,,,,,,,,,,,,,,,,,,12.994
,12.8569,,,,11.4643,,,,,,,,,,,,,,,,,,13.0183
,12.9071,,,,11.487,,,,,,,,,,,,,,,,,,13.0437
,12.9504,,,,11.5027,,,,,,,,,,,,,,,,,,13.0885
,12.9727,,,,11.5205,,,,,,,,,,,,,,,,,,13.1098
,13.0094,,,,11.5372,,,,,,,,,,,,,,,,,,13.1412
,13.0364,,,,11.5689,,,,,,,,,,,,,,,,,,13.1678
,13.0539,,,,11.5915,,,,,,,,,,,,,,,,,,13.1928
,13.0866,,,,11.6076,,,,,,,,,,,,,,,,,,13.2176
,13.1126,,,,11.6278,,,,,,,,,,,,,,,,,,13.2542
,13.1457,,,,11.675,,,,,,,,,,,,,,,,,,13.2788
,13.1931,,,,11.692,,,,,,,,,,,,,,,,,,13.3236
,13.2356,,,,11.7108,,,,,,,,,,,,,,,,,,13.3575
,13.2575,,,,11.7332,,,,,,,,,,,,,,,,,,13.3874
,13.2855,,,,11.7475,,,,,,,,,,,,,,,,,,13.4179
,13.3096,,,,11.7618,,,,,,,,,,,,,,,,,,13.4673
,13.3474,,,,11.7847,,,,,,,,,,,,,,,,,,13.4963
,13.372,,,,11.8088,,,,,,,,,,,,,,,,,,13.5319
,13.4029,,,,11.831,,,,,,,,,,,,,,,,,,13.5625
,13.4423,,,,11.8471,,,,,,,,,,,,,,,,,,13.598
,13.4775,,,,11.8628,,,,,,,,,,,,,,,,,,13.6406
,13.4994,,,,11.8864,,,,,,,,,,,,,,,,,,13.6706
,13.5458,,,,11.9058,,,,,,,,,,,,,,,,,,13.7009
,13.5797,,,,11.9225,,,,,,,,,,,,,,,,,,13.7295
,13.6116,,,,11.9426,,,,,,,,,,,,,,,,,,13.7601
,13.633,,,,11.9545,,,,,,,,,,,,,,,,,,13.7915
,13.6538,,,,11.9732,,,,,,,,,,,,,,,,,,13.8171
,13.6815,,,,11.9913,,,,,,,,,,,,,,,,,,13.8365
,13.7013,,,,12.0098,,,,,,,,,,,,,,,,,,13.8811
,13.7338,,,,12.0272,,,,,,,,,,,,,,,,,,13.9323
,13.7646,,,,12.0563,,,,,,,,,,,,,,,,,,13.9811
,13.7965,,,,12.0724,,,,,,,,,,,,,,,,,,14.0828
,13.8289,,,,12.0892,,,,,,,,,,,,,,,,,,14.1232
,13.8643,,,,12.1069,,,,,,,,,,,,,,,,,,14.1642
,13.9129,,,,12.1298,,,,,,,,,,,,,,,,,,14.2027
,13.944,,,,12.1425,,,,,,,,,,,,,,,,,,14.2429
,13.9692,,,,12.1591,,,,,,,,,,,,,,,,,,14.2959
,14.0064,,,,12.178,,,,,,,,,,,,,,,,,,14.322
,14.0357,,,,12.194,,,,,,,,,,,,,,,,,,14.3517
,14.0617,,,,12.2071,,,,,,,,,,,,,,,,,,14.3909
,14.0853,,,,12.223,,,,,,,,,,,,,,,,,,14.4463
,14.124,,,,12.2379,,,,,,,,,,,,,,,,,,14.5
,14.1487,,,,12.2563,,,,,,,,,,,,,,,,,,14.5368
,14.1876,,,,12.2763,,,,,,,,,,,,,,,,,,14.5678
,14.2189,,,,12.2945,,,,,,,,,,,,,,,,,,14.5989
,14.2484,,,,12.3144,,,,,,,,,,,,,,,,,,14.6352
,14.2786,,,,12.3256,,,,,,,,,,,,,,,,,,14.6667
,14.3198,,,,12.3392,,,,,,,,,,,,,,,,,,14.6901
,14.3499,,,,12.3594,,,,,,,,,,,,,,,,,,14.7182
,14.399,,,,12.3792,,,,,,,,,,,,,,,,,,14.742
,14.4199,,,,12.4009,,,,,,,,,,,,,,,,,,14.7632
,14.4592,,,,12.4168,,,,,,,,,,,,,,,,,,14.7956
,14.4888,,,,12.4317,,,,,,,,,,,,,,,,,,14.8195
,14.5161,,,,12.4471,,,,,,,,,,,,,,,,,,14.8477
,14.5468,,,,12.4643,,,,,,,,,,,,,,,,,,14.8903
,14.5788,,,,12.4797,,,,,,,,,,,,,,,,,,14.9082
,14.6188,,,,12.4961,,,,,,,,,,,,,,,,,,14.9353
,14.6475,,,,12.5111,,,,,,,,,,,,,,,,,,14.9593
,14.6749,,,,12.524,,,,,,,,,,,,,,,,,,14.992
,14.7088,,,,12.5383,,,,,,,,,,,,,,,,,,
,14.7396,,,,12.5551,,,,,,,,,,,,,,,,,,
,14.7661,,,,12.5747,,,,,,,,,,,,,,,,,,
,14.8032,,,,12.5882,,,,,,,,,,,,,,,,,,
,14.8385,,,,12.6071,,,,,,,,,,,,,,,,,,
,14.877,,,,12.6241,,,,,,,,,,,,,,,,,,
,14.9093,,,,12.6385,,,,,,,,,,,,,,,,,,
,14.9331,,,,12.6586,,,,,,,,,,,,,,,,,,
,14.9704,,,,12.6772,,,,,,,,,,,,,,,,,,
,14.9993,,,,12.6933,,,,,,,,,,,,,,,,,,
,,,,,12.7126,,,,,,,,,,,,,,,,,,
,,,,,12.7289,,,,,,,,,,,,,,,,,,
,,,,,12.7456,,,,,,,,,,,,,,,,,,
,,,,,12.764,,,,,,,,,,,,,,,,,,
,,,,,12.7802,,,,,,,,,,,,,,,,,,
,,,,,12.802,,,,,,,,,,,,,,,,,,
,,,,,12.8213,,,,,,,,,,,,,,,,,,
,,,,,12.8369,,,,,,,,,,,,,,,,,,
,,,,,12.8519,,,,,,,,,,,,,,,,,,
,,,,,12.8684,,,,,,,,,,,,,,,,,,
,,,,,12.8818,,,,,,,,,,,,,,,,,,
,,,,,12.9011,,,,,,,,,,,,,,,,,,
,,,,,12.9331,,,,,,,,,,,,,,,,,,
,,,,,12.956,,,,,,,,,,,,,,,,,,
,,,,,12.9701,,,,,,,,,,,,,,,,,,
,,,,,12.9843,,,,,,,,,,,,,,,,,,
,,,,,13.0022,,,,,,,,,,,,,,,,,,
,,,,,13.0197,,,,,,,,,,,,,,,,,,
,,,,,13.0444,,,,,,,,,,,,,,,,,,
,,,,,13.0608,,,,,,,,,,,,,,,,,,
,,,,,13.0763,,,,,,,,,,,,,,,,,,
,,,,,13.0904,,,,,,,,,,,,,,,,,,
,,,,,13.111,,,,,,,,,,,,,,,,,,
,,,,,13.1307,,,,,,,,,,,,,,,,,,
,,,,,13.1453,,,,,,,,,,,,,,,,,,
,,,,,13.1679,,,,,,,,,,,,,,,,,,
,,,,,13.1866,,,,,,,,,,,,,,,,,,
,,,,,13.2117,,,,,,,,,,,,,,,,,,
,,,,,13.2329,,,,,,,,,,,,,,,,,,
,,,,,13.2546,,,,,,,,,,,,,,,,,,
,,,,,13.2693,,,,,,,,,,,,,,,,,,
,,,,,13.2859,,,,,,,,,,,,,,,,,,
,,,,,13.3028,,,,,,,,,,,,,,,,,,
,,,,,13.3186,,,,,,,,,,,,,,,,,,
,,,,,13.3352,,,,,,,,,,,,,,,,,,
,,,,,13.3511,,,,,,,,,,,,,,,,,,
,,,,,13.374,,,,,,,,,,,,,,,,,,
,,,,,13.3939,,,,,,,,,,,,,,,,,,
,,,,,13.4082,,,,,,,,,,,,,,,,,,
,,,,,13.4231,,,,,,,,,,,,,,,,,,
,,,,,13.436,,,,,,,,,,,,,,,,,,
,,,,,13.4452,,,,,,,,,,,,,,,,,,
,,,,,13.4591,,,,,,,,,,,,,,,,,,
,,,,,13.4859,,,,,,,,,,,,,,,,,,
,,,,,13.4997,,,,,,,,,,,,,,,,,,
,,,,,13.516,,,,,,,,,,,,,,,,,,
,,,,,13.5327,,,,,,,,,,,,,,,,,,
,,,,,13.5532,,,,,,,,,,,,,,,,,,
,,,,,13.5679,,,,,,,,,,,,,,,,,,
,,,,,13.5875,,,,,,,,,,,,,,,,,,
,,,,,13.604,,,,,,,,,,,,,,,,,,
,,,,,13.6194,,,,,,,,,,,,,,,,,,
,,,,,13.6336,,,,,,,,,,,,,,,,,,
,,,,,13.6494,,,,,,,,,,,,,,,,,,
,,,,,13.667,,,,,,,,,,,,,,,,,,
,,,,,13.6815,,,,,,,,,,,,,,,,,,
,,,,,13.7003,,,,,,,,,,,,,,,,,,
,,,,,13.7214,,,,,,,,,,,,,,,,,,
,,,,,13.737,,,,,,,,,,,,,,,,,,
,,,,,13.7543,,,,,,,,,,,,,,,,,,
,,,,,13.7709,,,,,,,,,,,,,,,,,,
,,,,,13.7892,,,,,,,,,,,,,,,,,,
,,,,,13.8044,,,,,,,,,,,,,,,,,,
,,,,,13.8178,,,,,,,,,,,,,,,,,,
,,,,,13.8292,,,,,,,,,,,,,,,,,,
,,,,,13.8498,,,,,,,,,,,,,,,,,,
,,,,,13.8632,,,,,,,,,,,,,,,,,,
,,,,,13.8779,,,,,,,,,,,,,,,,,,
,,,,,13.8953,,,,,,,,,,,,,,,,,,
,,,,,13.9124,,,,,,,,,,,,,,,,,,
,,,,,13.9245,,,,,,,,,,,,,,,,,,
,,,,,13.9397,,,,,,,,,,,,,,,,,,
,,,,,13.9582,,,,,,,,,,,,,,,,,,
,,,,,13.9753,,,,,,,,,,,,,,,,,,
,,,,,14.0082,,,,,,,,,,,,,,,,,,
,,,,,14.0275,,,,,,,,,,,,,,,,,,
,,,,,14.0438,,,,,,,,,,,,,,,,,,
,,,,,14.0675,,,,,,,,,,,,,,,,,,
,,,,,14.0929,,,,,,,,,,,,,,,,,,
,,,,,14.1086,,,,,,,,,,,,,,,,,,
,,,,,14.1328,,,,,,,,,,,,,,,,,,
,,,,,14.155,,,,,,,,,,,,,,,,,,
,,,,,14.1734,,,,,,,,,,,,,,,,,,
,,,,,14.1933,,,,,,,,,,,,,,,,,,
,,,,,14.2137,,,,,,,,,,,,,,,,,,
,,,,,14.2336,,,,,,,,,,,,,,,,,,
,,,,,14.2533,,,,,,,,,,,,,,,,,,
,,,,,14.2752,,,,,,,,,,,,,,,,,,
,,,,,14.3023,,,,,,,,,,,,,,,,,,
,,,,,14.3198,,,,,,,,,,,,,,,,,,
,,,,,14.3371,,,,,,,,,,,,,,,,,,
,,,,,14.3602,,,,,,,,,,,,,,,,,,
,,,,,14.3797,,,,,,,,,,,,,,,,,,
,,,,,14.3938,,,,,,,,,,,,,,,,,,
,,,,,14.4254,,,,,,,,,,,,,,,,,,
,,,,,14.4419,,,,,,,,,,,,,,,,,,
,,,,,14.4622,,,,,,,,,,,,,,,,,,
,,,,,14.4753,,,,,,,,,,,,,,,,,,
,,,,,14.4996,,,,,,,,,,,,,,,,,,
,,,,,14.5232,,,,,,,,,,,,,,,,,,
,,,,,14.534,,,,,,,,,,,,,,,,,,
,,,,,14.5505,,,,,,,,,,,,,,,,,,
,,,,,14.5685,,,,,,,,,,,,,,,,,,
,,,,,14.5902,,,,,,,,,,,,,,,,,,
,,,,,14.6066,,,,,,,,,,,,,,,,,,
,,,,,14.6272,,,,,,,,,,,,,,,,,,
,,,,,14.6534,,,,,,,,,,,,,,,,,,
,,,,,14.6732,,,,,,,,,,,,,,,,,,
,,,,,14.6911,,,,,,,,,,,,,,,,,,
,,,,,14.7147,,,,,,,,,,,,,,,,,,
,,,,,14.7287,,,,,,,,,,,,,,,,,,
,,,,,14.7475,,,,,,,,,,,,,,,,,,
,,,,,14.7655,,,,,,,,,,,,,,,,,,
,,,,,14.7927,,,,,,,,,,,,,,,,,,
,,,,,14.8151,,,,,,,,,,,,,,,,,,
,,,,,14.8336,,,,,,,,,,,,,,,,,,
,,,,,14.8498,,,,,,,,,,,,,,,,,,
,,,,,14.8699,,,,,,,,,,,,,,,,,,
,,,,,14.8875,,,,,,,,,,,,,,,,,,
,,,,,14.9049,,,,,,,,,,,,,,,,,,
,,,,,14.9251,,,,,,,,,,,,,,,,,,
,,,,,14.9489,,,,,,,,,,,,,,,,,,
,,,,,14.9801,,,,,,,,,,,,,,,,,,