EG20230328b2,EG20230328b3,EG20230328b5,EG20230330a1,EG20230330a2,EG20230330b1,EG20230330b2,EG20230330b3,EG20230330b4,EG20230330c1,EG20230330c2,EG20230330d1,EG20230330d2,EG20230413a,EG20230413b1,EG20230413b2,EG20230413b3,EG20230413c2,EG20230413c3,EG20230413c4,EG20230413c5
0.070100002,0.073799998,0.0074,0.0264,0.1003,0.15970001,0.0836,0.18099999,0.065700002,0.026799999,0.0040000002,0.035599999,0.0129,0.0704,0.047200002,0.078900002,0.031599998,0.0458,0.060400002,0.32069999,0.0196
0.18430001,0.21340001,0.0272,0.0854,0.2194,0.27959999,0.1987,0.40090001,0.15549999,0.066500001,0.036200002,0.098200001,0.043400001,0.13850001,0.1332,0.1132,0.054699998,0.17479999,0.1243,0.39120001,0.0427
0.3599,0.30289999,0.056400001,0.1349,0.33250001,0.47029999,0.33320001,0.61269999,0.2913,0.1349,0.063500002,0.1715,0.075599998,0.2296,0.1997,0.1637,0.1183,0.35789999,0.17739999,0.47139999,0.064199999
0.4738,0.41710001,0.0986,0.19760001,0.4822,0.67640001,0.4788,0.8046,0.4129,0.1883,0.1016,0.2333,0.1046,0.3452,0.25920001,0.2033,0.18979999,0.5449,0.22229999,0.5402,0.085900001
0.61369997,0.4887,0.1198,0.2472,0.67299998,0.90710002,0.57810003,1.0281,0.55449998,0.2385,0.14659999,0.29929999,0.14489999,0.4127,0.2956,0.25330001,0.2253,0.64090002,0.28639999,0.61210001,0.1054
0.73430002,0.62129998,0.16329999,0.3026,0.80479997,1.2294,0.6512,1.2418,0.63059998,0.31619999,0.176,0.36309999,0.1771,0.49579999,0.35190001,0.3012,0.27200001,0.84530002,0.33700001,0.6591,0.12630001
0.89850003,0.77139997,0.1832,0.36390001,0.93889999,1.4852,0.73320001,1.546,0.78640002,0.4152,0.20559999,0.4296,0.2173,0.56,0.4199,0.366,0.29750001,1.1438,0.3978,0.7306,0.1485
1.0151,0.86860001,0.2208,0.42570001,1.0583,1.7318,0.82959998,1.7574,0.90570003,0.46560001,0.22660001,0.4885,0.24609999,0.68699998,0.48120001,0.41409999,0.32249999,1.5723,0.4535,0.7726,0.1671
1.1049,0.97869998,0.2554,0.47940001,1.2111,1.8593,0.92460001,1.934,1.0517,0.50739998,0.2392,0.57609999,0.27270001,0.7701,0.53399998,0.4813,0.35769999,3.1459999,0.50459999,0.81519997,0.1869
1.1844,1.0628999,0.2728,0.53839999,1.3275,12.0701,1.0174,12.5226,1.1689,0.61180001,0.2771,0.63480002,0.3109,0.85769999,0.56980002,0.52130002,0.38870001,3.6400001,0.60909998,0.85509998,0.2069
1.2599,1.1716,0.31940001,0.5941,1.4294,12.2169,1.1116,12.7463,1.3297,0.6699,0.2949,0.6947,0.34439999,0.96710002,0.62449998,0.57319999,0.40979999,4.6830001,0.65039998,0.93229997,0.2295
1.35,1.2634,0.33790001,0.6498,1.5366,12.3581,1.2227,12.9905,1.451,0.71609998,0.31639999,0.76120001,0.38029999,1.0632,0.69199997,0.62459999,0.43329999,5.2442999,0.6997,1.0151,0.25060001
1.4203,1.3571,0.36070001,0.70090002,1.6309,12.4951,1.3077,13.1658,1.5887001,0.77670002,0.35980001,0.8276,0.4208,1.1337,0.75309998,0.67439997,0.4551,6.5897999,0.7396,1.1315,0.27129999
1.4918,1.4541,0.39500001,0.76310003,1.7403001,12.6919,1.4389,13.3343,1.6603,0.829,0.3935,0.89459997,0.45300001,1.1878999,0.81300002,0.7367,0.47889999,6.7712002,0.79189998,1.1898,0.292
1.6147,1.5668,0.41850001,0.80729997,1.8576,12.8012,1.5443,13.5231,1.7676001,0.89069998,0.44100001,0.95709997,0.4901,1.2667,0.86049998,0.77209997,0.49450001,7.3186002,0.86210001,1.2842,0.3118
1.7079,1.6669,0.47589999,0.85519999,1.9488,12.9718,1.6378,13.7777,1.8503,0.93599999,0.46669999,1.0326,0.51480001,1.3505,0.91280001,0.85350001,0.51389998,7.7993002,0.93370003,1.3893,0.33289999
1.813,1.8223,0.4912,0.89810002,12.2984,13.1258,1.7356,13.967,1.9428999,0.98830003,0.49599999,1.1042,0.54140002,1.4141999,0.96950001,0.89829999,0.5406,7.9954,0.9914,1.4759001,0.3529
1.9762,1.9262,0.5291,0.95139998,12.4366,13.2189,1.8102,14.1907,2.0402999,1.0568,0.5388,1.1873,0.57239997,1.4704,1.0143,0.96219999,0.56529999,8.2488003,1.0549001,1.5476,0.3716
12.0597,3.2958,0.55559999,1.0067,12.5652,13.3262,1.8884,14.3967,3.9475,1.0974,0.5618,1.2584,0.6024,1.5229,1.0818,1.0094,0.58289999,8.4456997,1.115,1.6829,0.39579999
12.1332,3.5829,0.58130002,1.0603,12.664,13.4206,1.9756,14.5977,4.1550999,1.1772,0.59789997,1.3296,0.63419998,1.5768,1.1409,1.058,0.59630001,8.7659998,1.1666,1.7679,0.41549999
12.2332,4.0499001,0.6243,1.1153001,12.821,13.5285,12.1101,14.7856,4.3948998,1.2283,0.6279,1.386,0.66680002,1.6375999,1.2014,1.1176,0.60939997,9.0488005,1.2331001,1.8312,0.4346
12.289,4.1992002,0.648,1.1774,12.8897,13.6438,12.2078,,4.5422001,1.2736,0.64639997,1.4605,0.69989997,1.7015001,1.2643,1.1964,0.63529998,9.2299995,1.2733001,2.0906,0.45089999
12.3471,4.3948002,0.66390002,1.232,13.0196,13.7612,12.2959,,4.9534001,1.331,0.68120003,1.5499001,0.727,1.7638,1.3247,1.2399,0.6821,9.4856005,1.367,2.1928,0.46939999
12.4177,4.6767998,0.71340001,1.2927999,13.1264,13.8946,12.4164,,5.2558999,1.3822,0.71439999,1.6319,0.75220001,1.8532,1.3911999,1.2708,0.77869999,9.7456999,1.4412,2.6177001,0.49349999
12.4798,4.8748002,0.73509997,1.3486,13.2405,14.0143,12.5142,,5.5886998,1.4586999,0.74169999,1.7142,0.78789997,1.9095,1.4514,1.3017,0.84930003,10.1445,1.495,2.7249,0.51279998
12.5516,4.9917002,0.76389998,1.3974,13.3183,14.1286,12.6158,,5.7537999,1.563,0.75880003,1.7788,0.81770003,1.9875,1.4893,1.3463,0.89749998,10.4168,1.5469,3.5199001,0.53149998
12.6106,5.1894999,0.78979999,1.4545,13.4199,14.3011,12.7089,,6.0988002,1.6278,0.80070001,1.8343,0.84789997,2.3325,1.5465,1.4148,0.9303,10.5475,1.6144,5.5697999,0.55440003
12.6702,5.3962002,0.8039,1.5072,13.5171,14.4435,12.8168,,6.3972998,1.6799999,0.84200001,1.9074,0.87440002,2.5328,1.6286,1.4435,0.94980001,10.7306,1.7048,5.6405001,0.57139999
12.7363,5.6469002,0.8477,1.5634,13.6175,14.6082,12.8838,,6.5559001,1.7503999,0.86299998,1.9864,0.90009999,2.6526999,1.6945,1.4923,0.98269999,10.8736,1.7616,6.0300002,0.59039998
12.8126,6.0815001,0.90490001,1.6151,13.7303,14.7764,12.986,,6.7479,1.7977,0.88419998,2.8032999,0.92720002,3.1313,1.7544,1.5433,1.0735,11.221,1.8248,6.8408999,0.6099
12.8717,6.2851,0.9253,1.659,13.8348,14.8957,13.0528,,6.9264002,1.8356,0.90219998,3.0493,0.95370001,3.1989,1.814,1.5818,1.1343,11.344,1.8707,7.2318001,0.6286
12.9381,6.4948001,0.94309998,1.7079999,13.9276,,13.1873,,7.3041,1.9040999,0.91710001,3.4956,0.98699999,3.3417001,1.8909,1.6101,1.2017,11.5765,1.9421,7.5323,0.6523
12.9975,6.6497002,0.97570002,1.7521,14.0467,,13.272,,7.5030999,1.9866,0.949,3.7381001,1.021,3.4893999,1.9511,1.6555001,1.2171,11.839,,7.6321001,0.67070001
13.0602,6.8993001,0.99260002,1.8043,14.1662,,13.4337,,7.684,3.3032999,0.98100001,3.8029001,1.0513,3.6262,2.0336001,1.7081,1.2327,12.9851,,7.7298999,0.69550002
13.1345,7.1492,1.0163,1.8526,14.3313,,13.5163,,7.7842002,3.4360001,1.011,3.9863999,1.0773,3.8434999,2.1036999,1.7469,1.2862,13.2388,,7.8051,0.71689999
13.2058,7.3407001,1.0367,1.8986,14.4431,,13.6534,,8.1795998,3.5495999,1.0382,4.0952001,1.1073999,3.9454999,2.1760001,1.8042001,1.3142999,13.4321,,7.9474001,0.73570001
13.3017,7.5945001,1.0513,1.9551001,14.5671,,13.7707,,8.3957996,3.6536,1.0594,4.2989001,1.1418,4.1037002,2.2478001,1.8973,1.3369,13.5707,,8.0419998,0.75520003
13.3766,8.3964005,1.1076,2.0044,14.657,,13.8638,,8.6407003,3.7558999,1.0944999,4.4015999,1.1763999,4.2360001,2.3262999,,1.3613,13.8787,,8.1761999,0.77359998
13.4722,8.5959997,1.1271,2.1210001,14.7841,,14.0101,,8.7921,3.8945,1.1253999,4.5373998,1.2007999,4.3372998,2.4047,,1.3889,14.2737,,8.3052998,0.7924
13.534,8.8051004,1.1476001,2.1853001,14.9173,,14.1184,,8.9940996,4.0033002,1.1465,4.5934,1.223,4.4905,2.4809999,,1.411,14.4871,,8.5108004,0.81199998
13.6222,8.9885998,1.1855,2.2716999,,,14.2306,,9.1836004,4.2228999,1.1763999,4.7030001,1.2462,4.7016001,2.5732999,,1.4241,14.6799,,8.5976,0.83630002
13.6914,9.2279997,1.2138,2.3417001,,,14.3158,,9.5993004,4.3263998,1.2287,4.7964001,1.2725,4.8853998,2.6544001,,1.451,,,8.6780996,0.8549
13.7646,9.3868999,1.2822,2.4261,,,14.3962,,9.9025002,4.3961,1.2436,4.9524999,1.2972,5.0492001,2.7247,,1.4737,,,8.7959003,0.8775
13.8472,9.6463003,1.2957,2.4971001,,,14.4993,,10.1933,4.4756999,1.2666,5.0878,1.3168,5.1957998,2.8267,,1.5177,,,10.0361,0.8933
13.9117,9.8044004,1.3326,2.5797999,,,14.6069,,10.597,4.5551,1.3023,5.2374001,1.3421,5.2454,2.9105999,,1.5538,,,10.1385,0.90979999
13.9777,10.0739,1.3573,2.6642001,,,14.7508,,10.8969,4.6138,1.3207,5.3481998,1.3745,5.3903999,2.9923,,1.5808001,,,10.391,0.92629999
14.0526,10.2775,1.3864,2.7711,,,14.8736,,11.3562,4.6662998,1.3777,5.4450002,1.4068,5.4959002,3.0602,,1.5944999,,,10.4929,0.94940001
14.1219,10.4543,1.416,2.8327,,,,,11.6483,4.7395,1.4074,5.5517998,1.4388,5.8404002,3.1591001,,1.628,,,10.6965,0.96869999
14.1927,10.594,1.4507999,2.9057,,,,,11.9381,4.8218999,1.4366,5.6422,1.4624,5.9421,3.2362001,,1.6608,,,10.832,0.98769999
14.2714,10.7822,1.4779,2.9856999,,,,,12.0433,4.8741002,1.4618,5.7433,1.4881001,6.0994,3.3253,,1.7156,,,10.9965,1.0067
14.3525,10.9987,1.5766,3.0671,,,,,12.1326,4.9551001,1.4907,5.8439002,1.5143,6.2456999,3.3854001,,1.7378,,,11.0891,1.0218
14.444,11.1862,1.5934,3.1303,,,,,12.2182,5.1153002,1.5433,6.0517998,1.5470001,6.4559999,3.4491,,1.767,,,11.1725,1.0418
14.5175,11.4116,1.62,3.1953001,,,,,12.3659,5.1879001,1.6068,6.1950002,1.5822999,6.7451,3.5235,,1.7989,,,11.2868,1.0632
14.6027,11.6869,1.6562999,3.2672,,,,,12.4872,5.2624998,1.6253999,6.2863998,1.6104,6.8853002,3.6031001,,1.8396,,,11.3927,1.0829
14.7287,11.8819,1.6832,3.3392999,,,,,12.6006,5.3211002,1.6506,6.3525,1.6368001,7.1532001,3.6928999,,1.8825001,,,11.5028,1.1005
14.8793,12.0445,1.7062,3.4208,,,,,12.7069,5.3663998,1.6698999,6.5458002,1.6618,7.2849002,3.7746999,,1.9165,,,11.5945,1.1216
14.961,12.1198,1.7294,3.4814,,,,,12.8119,5.4383998,1.7115999,6.6339002,1.6935,7.4882002,3.8531001,,1.9464,,,11.8761,1.1434
,12.2142,1.7519,3.6252999,,,,,12.9105,5.5332999,1.7291,6.7042999,1.7162,7.5971999,3.9468,,1.9608001,,,11.9448,1.1625
,12.3093,1.7807,3.6886001,,,,,13.0063,5.6174998,1.7553999,6.7930999,1.7429,7.8421998,4.0386,,1.9747,,,12.0031,1.1835001
,12.4004,1.7941,3.7749,,,,,13.1364,5.6764002,1.8167,6.8815999,1.7678,8.0421,4.1736999,,1.9960999,,,12.0696,1.2048
,12.4716,1.8368,3.8324001,,,,,13.2448,5.7298999,1.8363,6.9907999,1.7917,8.5487003,4.2494001,,2.023,,,12.1117,1.2248
,12.5472,1.8608,3.9029,,,,,13.346,5.7834001,1.8636,7.0988998,1.8164999,8.7038002,4.3161001,,2.0480001,,,12.1657,1.2435
,12.6465,1.8845,3.9886,,,,,13.4319,5.842,1.8932,7.1834998,1.842,9.0966997,4.3832998,,2.0565,,,12.2228,1.2604001
,12.7413,1.9018,4.0872002,,,,,13.5523,5.9177999,1.9177999,7.2901001,1.8693,9.4558001,4.4668002,,2.0816,,,12.2778,1.2814
,12.8092,1.9556,4.1466999,,,,,13.6801,5.9934001,1.9455,7.3463001,1.902,9.5465002,4.5577998,,2.1033001,,,12.3219,1.2986
,12.9111,1.9808,4.2301998,,,,,13.8191,6.0746999,1.9641,7.4292002,1.9328001,9.6070004,4.6222,,2.1222,,,12.3815,1.3168
,13.0139,2.1256001,4.2985001,,,,,13.9195,6.1444998,1.9944,7.4906001,1.966,9.6997004,4.7151999,,2.1408,,,12.4474,1.339
,13.1095,2.1436,4.3762999,,,,,14.0107,6.2315998,2.0167,7.5843,1.9960001,9.7847004,4.7788,,2.1824,,,12.5205,1.3566999
,13.1911,2.2341001,4.4370999,,,,,14.2146,6.3677001,2.0383,7.6531,2.0411999,9.8453999,4.8477998,,2.3710999,,,12.6138,1.3782001
,13.2716,2.3546,4.5230999,,,,,14.389,6.4835,2.0674,7.7347002,2.0904,9.9475002,4.9225998,,2.5666001,,,12.6877,1.3940001
,13.3568,2.3980999,4.5766001,,,,,14.5767,6.5657001,2.0894001,7.8870001,2.1273,10.1546,4.9889002,,2.5982001,,,12.7473,1.4124
,13.4484,2.4463,4.6328001,,,,,14.7274,6.6336002,2.1142001,8.0541,2.1489,10.3924,5.0927,,2.6982999,,,12.8145,1.4311
,13.5569,2.4991,4.7220998,,,,,14.9183,6.7410998,2.1452,8.1408005,2.1833999,10.5031,5.1838002,,2.7672,,,12.912,1.4524
,13.6479,2.5397999,4.7999001,,,,,,6.8379002,2.1747,8.2033005,2.2300999,10.7961,5.2565999,,2.8232,,,13.0168,1.4694
,13.737,2.5841,4.8748002,,,,,,6.9161,2.1946001,8.2950001,2.2818999,10.956,5.3583999,,2.8475001,,,13.084,1.4852999
,13.8152,2.6280999,4.9492998,,,,,,6.9770002,2.2362001,8.3879995,2.3036001,11.0948,5.4320998,,2.9108,,,13.1674,1.5007
,13.9103,2.6953001,5.0324998,,,,,,7.0274,2.2729001,8.4497004,2.3364,11.2035,5.4974999,,2.9342,,,13.2431,1.5183001
,14.0155,2.7804999,5.0890999,,,,,,7.0846,2.2957001,8.5474997,2.3873,11.3049,5.5602002,,3.0181999,,,13.3598,1.5366
,14.1443,2.7939999,5.1499,,,,,,7.1300001,2.3276,8.6366997,2.4284999,11.5482,5.6385002,,3.0311,,,13.497,1.5585001
,14.251,2.8387001,5.2231002,,,,,,7.1820998,2.3545001,8.6985998,2.4539001,11.78,5.7024999,,3.131,,,13.5728,1.579
,14.3628,2.8522,5.2873998,,,,,,7.2985001,2.3757,8.7851,2.4856999,11.9489,5.7852998,,3.155,,,13.6496,1.5964
,14.4691,2.8982999,5.4043002,,,,,,7.3455,2.4196,8.8802996,2.5318,12.0627,5.8539,,3.1831999,,,13.7501,1.6151
,14.5455,2.9375,5.4745002,,,,,,7.3895001,2.4779,9.0459995,2.5546,12.1282,5.9110999,,3.2072999,,,13.8422,1.6322
,14.6378,2.9482999,5.5419998,,,,,,7.4397001,2.5120001,9.1353998,2.5836999,12.1959,5.9784002,,3.2969,,,13.921,1.6493
,14.733,2.9767001,5.6286001,,,,,,7.4843998,2.5446,9.2347002,2.6345999,12.2645,6.0332999,,3.3290999,,,14.0829,1.6686
,14.8226,2.9904001,5.7179999,,,,,,7.5341001,2.5725999,9.3324003,2.6743,12.3388,6.0960002,,3.3539,,,14.1765,1.6887
,14.8986,3.0056,5.7888999,,,,,,7.5682998,2.5994,9.4336996,2.7021,12.4206,6.1922002,,3.3734,,,14.264,1.7101001
,,3.0713,5.8534999,,,,,,7.6127,2.6235001,9.5438995,2.7276001,12.4971,6.3059001,,3.4054999,,,14.318,1.7292
,,3.0839,5.9404998,,,,,,7.6655998,2.6535001,9.6049995,2.7528999,12.5465,6.3743,,3.4482999,,,14.407,1.7479
,,3.096,6.0355,,,,,,7.7219,2.6868,9.7809,2.7885001,12.5949,6.4268999,,3.5199001,,,14.4653,1.7659
,,3.1336999,6.1025,,,,,,7.7778001,2.7165999,9.8492002,2.8318,12.6505,6.4993,,3.5632,,,14.5225,1.7869999
,,3.1538,6.1752,,,,,,7.8353,2.7530999,9.9293003,2.8756001,12.7086,6.5780001,,3.6157999,,,14.567,1.8051
,,3.1954999,6.2396002,,,,,,7.8899999,2.7751999,10.0329,2.8985,12.7748,6.6564999,,3.6812999,,,14.6252,1.8265001
,,3.2226,6.3053999,,,,,,7.9475002,2.825,10.1425,2.9344001,12.8362,6.7223001,,3.7172,,,14.8974,1.845
,,3.2423,6.3748002,,,,,,8.0127001,2.8641,10.237,2.9793999,12.897,6.7817001,,3.8483,,,,1.8683
,,3.2897999,6.4313002,,,,,,8.0728998,2.8893001,10.3048,3.0243001,12.9559,6.8495002,,3.8810999,,,,1.8872
,,3.3036001,6.4893999,,,,,,8.1444998,2.9126,10.3901,3.0466001,13.0117,6.9397998,,3.8952,,,,1.9082
,,3.342,6.6331,,,,,,8.2952995,2.931,10.4855,3.0899,13.0639,7.0258002,,3.9149001,,,,1.9269
,,3.3563001,6.6985002,,,,,,8.3549004,2.9438,10.5782,3.1235001,13.1451,7.1631999,,4.0609002,,,,1.9481
,,3.3947999,6.7800002,,,,,,8.4124002,2.9935,10.689,3.1526,13.1962,7.2266002,,4.0857,,,,1.9651
,,3.4208,6.8353,,,,,,8.4747,3.0142,10.7788,3.1853001,13.2712,7.2995,,4.1047001,,,,1.9852999
,,3.4344001,6.8948998,,,,,,8.5523996,3.0337,10.8497,3.2249,13.3747,7.3771,,4.1403999,,,,2.0311
,,3.4528,6.9699001,,,,,,8.6128998,3.0657001,10.9338,3.2449,13.4474,7.4394999,,4.1696,,,,2.0455
,,3.4877,7.0317998,,,,,,8.6845999,3.0887001,11.0423,3.2797,13.5064,7.5137,,4.1872001,,,,2.0754001
,,3.5023,7.0862002,,,,,,8.7679005,3.1276,11.1762,3.3220999,13.5643,7.5822001,,4.2020001,,,,2.0901999
,,3.5367999,7.1368999,,,,,,8.8351002,3.1649001,11.2548,3.3434,13.6202,7.6869998,,4.2185998,,,,2.1222
,,3.5536001,7.2880998,,,,,,8.9039001,3.2061,11.3352,3.3738,13.6833,7.7460999,,4.276,,,,2.1355
,,3.5878,7.3527999,,,,,,8.9892998,3.2277999,11.4194,3.3963001,13.7352,7.8292999,,4.3088999,,,,2.1482
,,3.6040001,7.3990998,,,,,,9.0819998,3.2439001,11.5021,3.4284999,13.7848,7.8969998,,4.3305998,,,,2.1756999
,,3.6417,7.4790001,,,,,,9.1417999,3.2918,11.5899,3.4539001,13.8382,7.9594998,,4.3442998,,,,2.1963999
,,3.6905,7.5363998,,,,,,9.1934996,3.3318,11.6892,3.4879999,13.8855,8.0177002,,4.3653002,,,,2.2261
,,3.7381999,7.5960999,,,,,,9.2455997,3.3701999,11.7531,3.5281999,13.949,8.0733004,,4.3825998,,,,2.2432001
,,3.7997,7.6539001,,,,,,9.3444996,3.3882999,11.8767,3.5727,14.0152,8.1393995,,4.3987999,,,,2.2774
,,3.842,7.7403998,,,,,,9.4194002,3.4029,11.9434,3.5922,14.0817,8.2060003,,4.4155998,,,,2.2932
,,3.8733001,7.8059001,,,,,,9.4729996,3.4414999,12.0144,3.6301,14.1505,8.2868004,,4.4345002,,,,2.3211999
,,3.8910999,7.8748999,,,,,,9.5298004,3.4739001,12.0706,3.6916001,14.2058,8.3640003,,4.4734001,,,,2.3354001
,,3.9310999,7.9373999,,,,,,9.5848999,3.4933,12.1133,3.7386,14.2737,8.4180002,,4.5114002,,,,2.3752
,,3.9437001,8.0792999,,,,,,9.6499004,3.5153,12.1641,3.7737,14.3325,8.4771004,,4.5279002,,,,2.3926001
,,3.9813001,8.1486998,,,,,,9.7152996,3.5304999,12.2225,3.7929001,14.3952,8.5473003,,4.5597,,,,2.4274001
,,3.9990001,8.2234001,,,,,,9.7782001,3.5448,12.2659,3.8304,14.4553,8.6280003,,4.5756001,,,,2.444
,,4.0469999,8.2831001,,,,,,9.8432999,3.5732,12.3306,3.8541999,14.5231,8.7018995,,4.5971999,,,,2.4718001
,,4.0739002,8.3399,,,,,,9.9108,3.5948,12.3958,3.8796999,14.5946,8.7804003,,4.6304998,,,,2.4942999
,,4.0886002,8.4157,,,,,,9.9723997,3.6224999,12.4513,3.9045999,14.6678,8.8594999,,4.6669002,,,,2.5241001
,,4.1290002,8.4759998,,,,,,10.0291,3.6408,12.5051,3.9391999,14.7353,8.9333,,4.7069001,,,,2.5388
,,4.191,8.5312004,,,,,,10.0916,3.6758001,12.5593,3.9772,14.7982,9.0177002,,4.7290001,,,,2.5722001
,,4.2216001,8.5941,,,,,,10.1635,3.7114,12.6204,4.0317001,14.8547,9.0995998,,4.7427001,,,,2.5854001
,,4.2354002,8.6774998,,,,,,10.213,3.7374001,12.6826,4.0756001,14.9321,9.1935997,,4.7659998,,,,2.6022999
,,4.2515998,8.7336998,,,,,,10.2684,3.7563,12.7398,4.1016002,,9.2777004,,4.7891002,,,,2.6314001
,,4.3223,8.7927999,,,,,,10.323,3.8051,12.7913,4.1307998,,9.3519001,,4.8031001,,,,2.6521001
,,4.3333998,8.8766003,,,,,,10.3823,3.8443,12.8393,4.1757998,,9.4301004,,4.8288002,,,,2.6793001
,,4.3527999,8.9302998,,,,,,10.4439,3.8661001,12.8983,4.2016001,,9.5066004,,4.8670998,,,,2.697
,,4.3860998,9.0396004,,,,,,10.5247,3.9033,12.9473,4.237,,9.5978003,,4.8857999,,,,2.7165999
,,4.4323001,9.1015997,,,,,,10.5764,3.9164,13.0008,4.2792001,,9.6688995,,4.8978,,,,2.7353001
,,4.4450998,9.1851997,,,,,,10.6313,3.9356,13.0438,4.3031001,,9.7460003,,4.9183002,,,,2.7535999
,,4.4882998,9.2426004,,,,,,10.7016,3.973,13.0996,4.3393998,,9.7893,,4.9334998,,,,2.7894001
,,4.5029998,9.2951002,,,,,,10.7636,4.0176001,13.1502,4.3755002,,9.8539,,4.9436002,,,,2.8246
,,4.5337,9.4219999,,,,,,10.8202,4.0455999,13.2076,4.4267001,,9.9231997,,4.9678998,,,,2.8427
,,4.5921998,9.4769001,,,,,,10.8698,4.0619998,13.2694,4.4716001,,9.9896002,,4.9828,,,,2.8752999
,,4.6206999,9.5337,,,,,,10.9407,4.0802999,13.3252,4.4954,,10.0545,,4.9931002,,,,2.8933001
,,4.6364002,9.5945997,,,,,,10.9905,4.0988998,13.3872,4.5362,,10.1345,,5.0029998,,,,2.9339001
,,4.6538,9.6531,,,,,,11.0694,4.1984,13.4582,4.5900998,,10.2127,,5.0208001,,,,2.9781001
,,4.6968999,9.7414999,,,,,,11.1404,4.2209001,13.5143,4.6297998,,10.2752,,5.0416999,,,,3.0288999
,,4.7245998,9.8199997,,,,,,11.2142,4.2388,13.5717,4.6764002,,10.3547,,5.0630999,,,,3.0488
,,4.7396998,9.8834,,,,,,11.2823,4.2751002,13.6211,4.7052999,,10.424,,5.0791001,,,,3.0775001
,,4.7874999,9.9420004,,,,,,11.3301,4.2926998,13.6872,4.7516999,,10.4934,,5.0949998,,,,3.0945001
,,4.8344998,10.02,,,,,,11.3847,4.3203001,13.739,4.7886,,10.5602,,5.1206002,,,,3.1257999
,,4.8481998,10.0853,,,,,,11.4443,4.3643999,13.8098,4.8372998,,10.6302,,5.1415,,,,3.1498001
,,4.8829002,10.1449,,,,,,11.4951,4.3799,13.8777,4.8832002,,10.702,,5.1588001,,,,3.1754999
,,4.8972998,10.2032,,,,,,11.6488,4.4214001,13.9438,4.9126,,10.7566,,5.1781998,,,,3.197
,,4.9308,10.2792,,,,,,11.7046,4.4422998,14.0282,4.9376998,,10.8336,,5.2055001,,,,3.2256
,,4.9457002,10.3444,,,,,,11.7641,4.473,14.09,4.9751,,11.017,,5.2420001,,,,3.2476001
,,5.0215001,10.4048,,,,,,11.8199,4.4916,14.161,4.9986,,11.0923,,5.2708001,,,,3.276
,,5.0367999,10.4756,,,,,,11.8994,4.5152998,14.2208,5.0366998,,11.1654,,5.3130999,,,,3.2988999
,,5.086,10.5313,,,,,,11.9822,4.5461998,14.2798,5.0777998,,11.2441,,5.3277001,,,,3.3236001
,,5.1169,10.5851,,,,,,12.0401,4.5960999,14.3363,5.0974002,,11.3265,,5.3421001,,,,3.3378999
,,5.1335001,10.6391,,,,,,12.0879,4.6128998,14.3912,5.1335001,,11.3799,,5.3561001,,,,3.3743
,,5.1812,10.698,,,,,,12.1452,4.6331,14.4422,5.1708999,,11.444,,5.3722,,,,3.3898001
,,5.2309999,10.7712,,,,,,12.2001,4.6736002,14.5041,5.2315998,,11.5345,,5.3814001,,,,3.4189999
,,5.2444,10.8435,,,,,,12.2634,4.6981001,14.5586,5.2539001,,11.6886,,5.3909998,,,,3.4366
,,5.2746,10.8961,,,,,,12.3208,4.7252998,14.6381,5.2888999,,11.7791,,5.4032001,,,,3.4544001
,,5.2929001,10.9702,,,,,,12.3794,4.7487998,14.7065,5.3257999,,11.8581,,5.4168,,,,3.4796
,,5.3234,11.0259,,,,,,12.4195,4.7772002,14.7717,5.3541002,,11.9346,,5.4260998,,,,3.4988999
,,5.3411002,11.0799,,,,,,12.475,4.8199,14.8284,5.3846998,,12.0049,,5.4387002,,,,3.5256
,,5.3804998,11.1365,,,,,,12.5231,4.8604002,14.881,5.4232998,,12.0878,,5.4538999,,,,3.5441999
,,5.3944998,11.2725,,,,,,12.5877,4.8916998,14.9444,5.4537001,,12.1733,,5.4636998,,,,3.5725
,,5.4291,11.3445,,,,,,12.65,4.9208002,,5.4967999,,12.2472,,5.4745002,,,,3.5885999
,,5.4440999,11.4554,,,,,,12.6929,4.9488001,,5.5356002,,12.3108,,5.4846001,,,,3.6196001
,,5.4843001,11.5398,,,,,,12.7257,4.9707999,,5.5783,,12.3799,,5.4935999,,,,3.6475999
,,5.4990001,11.616,,,,,,12.7817,4.9907999,,5.6236,,12.4396,,5.5042,,,,3.6717999
,,5.5359001,11.6772,,,,,,12.8226,5.0344,,5.6810999,,12.483,,5.5145001,,,,3.6884999
,,5.5960002,11.7372,,,,,,12.8639,5.0657001,,5.7195001,,12.5538,,5.5261998,,,,3.704
,,5.6285,11.8017,,,,,,12.9102,5.1029,,5.7437,,12.6264,,5.5373998,,,,3.7281001
,,5.6413999,11.871,,,,,,12.9593,5.1261001,,5.7799001,,12.7101,,5.5630999,,,,3.7495
,,5.6785002,11.9285,,,,,,13.0013,5.1705999,,5.8025999,,12.78,,5.5714998,,,,3.7739999
,,5.6897001,11.9945,,,,,,13.0486,5.2184,,5.8326998,,12.8627,,5.5815001,,,,3.7957001
,,5.7021999,12.045,,,,,,13.1036,5.2381001,,5.8786001,,12.9374,,5.5907998,,,,3.8267
,,5.7419,12.0917,,,,,,13.1499,5.2659001,,5.8985,,13.0107,,5.6166,,,,3.8443999
,,5.7536998,12.1339,,,,,,13.1961,5.2845998,,5.9306002,,13.0831,,5.6304002,,,,3.8729999
,,5.7929001,12.188,,,,,,13.2477,5.3042002,,5.9531999,,13.1576,,5.6623998,,,,3.8972001
,,5.8288999,12.2372,,,,,,13.2913,5.3389001,,5.9886999,,13.2264,,5.6760998,,,,3.9238999
,,5.8492999,12.2841,,,,,,13.3308,5.3683,,6.0240998,,13.2986,,5.6900001,,,,3.9421999
,,5.8945999,12.3333,,,,,,13.3866,5.3881998,,6.0423999,,13.3782,,5.7101998,,,,3.9765
,,5.9233999,12.3803,,,,,,13.4426,5.4172001,,6.0797,,13.4311,,5.7282,,,,3.9935999
,,5.9370999,12.4333,,,,,,13.4946,5.4431,,6.1037002,,13.5073,,5.7447,,,,4.0211
,,5.9734998,12.4895,,,,,,13.5867,5.4741998,,6.1338,,13.5671,,5.7620001,,,,4.0391998
,,5.9928999,12.5627,,,,,,13.6517,5.4931998,,6.1724,,13.6479,,5.7715001,,,,4.0757999
,,6.0261002,12.6097,,,,,,13.7186,5.5325999,,6.1974001,,13.727,,5.7804999,,,,4.0976
,,6.0427999,12.6695,,,,,,13.799,5.5696998,,6.2346001,,13.8013,,5.8200998,,,,4.1222
,,6.0788002,12.7155,,,,,,13.8671,5.6026001,,6.2751002,,13.869,,5.8327999,,,,4.1378999
,,6.0949001,12.7802,,,,,,13.9368,5.6202998,,6.2999001,,13.9368,,5.8470001,,,,4.1684999
,,6.1353002,12.855,,,,,,14.0041,5.6462998,,6.3365002,,13.9787,,5.8593998,,,,4.1907001
,,6.1841998,12.9038,,,,,,14.0762,5.6815,,6.3838,,14.024,,5.8834,,,,4.2206998
,,6.2037001,12.9578,,,,,,14.1372,5.7017999,,6.4313998,,14.0637,,5.8968,,,,4.2358999
,,6.2433,13.0033,,,,,,14.1909,5.7224002,,6.4554,,14.1169,,5.9152002,,,,4.2523999
,,6.2714,13.0502,,,,,,14.2473,5.7779999,,6.4853001,,14.1777,,5.9355001,,,,4.2806001
,,6.2902999,13.1059,,,,,,14.2899,5.8132,,6.5279999,,14.2392,,5.9489002,,,,4.2982001
,,6.3228998,13.1574,,,,,,14.3572,5.8288999,,6.5739002,,14.3084,,5.9594998,,,,4.3246002
,,6.3438001,13.2068,,,,,,14.4149,5.8692002,,6.6420999,,14.3702,,5.9706001,,,,4.3452001
,,6.3758998,13.2517,,,,,,14.4725,5.9246998,,6.6847,,14.4357,,5.9843001,,,,4.3734002
,,6.3922,13.3242,,,,,,14.5401,5.9382,,6.7389002,,14.4992,,5.9949002,,,,4.3916998
,,6.4324002,13.3778,,,,,,14.607,5.9791002,,6.7758002,,14.5617,,6.0132999,,,,4.4198999
,,6.4473,13.4413,,,,,,14.6752,6.0036001,,6.8383002,,14.5975,,6.0299001,,,,4.4398999
,,6.4822001,13.486,,,,,,14.73,6.0222998,,6.8822999,,14.6389,,6.0489001,,,,4.4706001
,,6.4965,13.5282,,,,,,14.8085,6.0486999,,6.9247999,,14.694,,6.0672002,,,,4.4896002
,,6.5296001,13.5787,,,,,,14.8692,6.0692,,6.9535999,,14.7553,,6.1149001,,,,4.5054998
,,6.5482998,13.6385,,,,,,14.9329,6.0942001,,6.9896002,,14.8076,,6.1430998,,,,4.5296998
,,6.5832,13.6907,,,,,,14.9848,6.1243,,7.0317001,,14.8772,,6.1708999,,,,4.5437999
,,6.5948,13.7545,,,,,,,6.1499,,7.0783,,14.9328,,6.1842999,,,,4.5721998
,,6.6293998,13.8116,,,,,,,6.1763,,7.1357999,,14.9948,,6.2082,,,,4.5883999
,,6.6472001,13.86,,,,,,,6.2135,,7.1957998,,,,6.2214999,,,,4.6238999
,,6.6819,13.9045,,,,,,,6.2529998,,7.2326999,,,,6.2730999,,,,4.6462002
,,6.697,13.9551,,,,,,,6.2761998,,7.2751999,,,,6.3101001,,,,4.6718001
,,6.7251,14.0062,,,,,,,6.3182998,,7.3018999,,,,6.3305998,,,,4.6924
,,6.7393999,14.0569,,,,,,,6.3344002,,7.3330002,,,,6.3534002,,,,4.7192998
,,6.7742,14.106,,,,,,,6.3643999,,7.3919001,,,,6.3653998,,,,4.7353001
,,6.7902999,14.1558,,,,,,,6.3790002,,7.4355998,,,,6.3831,,,,4.7529001
,,6.8325,14.2035,,,,,,,6.4159002,,7.4678001,,,,6.3941998,,,,4.7765999
,,6.8485999,14.2477,,,,,,,6.4426999,,7.4895,,,,6.4028001,,,,4.7937002
,,6.8765001,14.2989,,,,,,,6.4816999,,7.5288,,,,6.4205999,,,,4.8200002
,,6.8923998,14.3518,,,,,,,6.5124998,,7.5556998,,,,6.4519,,,,4.8369002
,,6.9252,14.4035,,,,,,,6.5495,,7.5871,,,,6.4685998,,,,4.8706999
,,6.9414001,14.4718,,,,,,,6.5763998,,7.6206999,,,,6.4882998,,,,4.8864002
,,6.9762001,14.5256,,,,,,,6.6029,,7.6462998,,,,6.5118999,,,,4.9032998
,,6.9893999,14.5749,,,,,,,6.6550002,,7.6757998,,,,6.5387001,,,,4.9310002
,,7.0040998,14.6225,,,,,,,6.6662002,,7.6957002,,,,6.5689001,,,,4.9738998
,,7.0485001,14.6853,,,,,,,6.6855998,,7.7234001,,,,6.5924001,,,,4.9920001
,,7.0808001,14.7321,,,,,,,6.7055001,,7.7444,,,,6.6143999,,,,5.0226998
,,7.1018,14.787,,,,,,,6.7224002,,7.7778001,,,,6.6430001,,,,5.0356002
,,7.1412001,14.8355,,,,,,,6.7431002,,7.8046999,,,,6.6694999,,,,5.0542998
,,7.1722999,14.8793,,,,,,,6.7811999,,7.8333998,,,,6.6894002,,,,5.0762
,,7.1876998,14.9299,,,,,,,6.8158998,,7.8716998,,,,6.7158999,,,,5.1254001
,,7.2248998,14.9743,,,,,,,6.8400998,,7.8969998,,,,6.7294002,,,,5.1391001
,,7.2399001,,,,,,,,6.8764,,7.9284,,,,6.7551999,,,,5.1532001
,,7.2778001,,,,,,,,6.8994002,,7.9533,,,,6.7803001,,,,5.1757002
,,7.2884998,,,,,,,,6.9541001,,7.9861999,,,,6.7972002,,,,5.1940999
,,7.3048,,,,,,,,6.9791002,,8.0265999,,,,6.8182001,,,,5.2206998
,,7.3759999,,,,,,,,7.0184999,,8.073,,,,6.8327999,,,,5.2389002
,,7.3938999,,,,,,,,7.0360999,,8.0941,,,,6.8474998,,,,5.2546
,,7.4287,,,,,,,,7.0697999,,8.1301003,,,,6.8582001,,,,5.2792001
,,7.4401999,,,,,,,,7.0949001,,8.1538,,,,6.8702002,,,,5.3042998
,,7.4712,,,,,,,,7.1143999,,8.1808004,,,,6.8954,,,,5.3256001
,,7.4840999,,,,,,,,7.1385999,,8.2212,,,,6.9147,,,,5.3483
,,7.5036998,,,,,,,,7.1651001,,8.2438002,,,,6.9421,,,,5.3736
,,7.5434999,,,,,,,,7.2136998,,8.2819004,,,,6.9728999,,,,5.3901
,,7.5942001,,,,,,,,7.2663002,,8.3247995,,,,7.0349998,,,,5.4217
,,7.6251998,,,,,,,,7.2923002,,8.3533001,,,,7.0490999,,,,5.4373999
,,7.6466999,,,,,,,,7.3162999,,8.3838997,,,,7.0914001,,,,5.4521999
,,7.6795001,,,,,,,,7.3523002,,8.4258003,,,,7.1490998,,,,5.4726
,,7.6932001,,,,,,,,7.3779998,,8.4752998,,,,7.3168998,,,,5.487
,,7.7273998,,,,,,,,7.4053001,,8.4983997,,,,7.329,,,,5.5201001
,,7.7410998,,,,,,,,7.4259,,8.5340996,,,,7.3518,,,,5.5323
,,7.7817998,,,,,,,,7.4443998,,8.5761003,,,,7.5047002,,,,5.5493999
,,7.7983999,,,,,,,,7.4713998,,8.5976,,,,8.0272999,,,,5.5746002
,,7.8346,,,,,,,,7.4878998,,8.6337996,,,,8.0672998,,,,5.5882001
,,7.8751998,,,,,,,,7.5056,,8.6693001,,,,8.1106005,,,,5.6185002
,,7.8916001,,,,,,,,7.5256,,8.698,,,,8.1533003,,,,5.6341
,,7.9379001,,,,,,,,7.5426998,,8.7263002,,,,8.1987,,,,5.6684999
,,7.9471998,,,,,,,,7.5739002,,8.7498999,,,,8.2235003,,,,5.6914001
,,7.9554,,,,,,,,7.5970998,,8.7868004,,,,8.2587004,,,,5.7210002
,,7.9684,,,,,,,,7.6371999,,8.8224001,,,,8.3044004,,,,5.737
,,7.9769001,,,,,,,,7.6756001,,8.8406,,,,8.3579998,,,,5.7532001
,,7.9888,,,,,,,,7.7775002,,8.8720999,,,,8.4822998,,,,5.7735
,,8.0176001,,,,,,,,7.8204002,,8.8924999,,,,8.5078001,,,,5.7927999
,,8.0265999,,,,,,,,7.8520999,,8.9188004,,,,8.7620001,,,,5.8211002
,,8.0347004,,,,,,,,7.8708,,8.9358997,,,,8.7838001,,,,5.8375001
,,8.0438004,,,,,,,,7.8958001,,8.9749002,,,,8.8530998,,,,5.8764
,,8.0534,,,,,,,,7.9198999,,8.9928999,,,,8.9194002,,,,5.8961
,,8.0717001,,,,,,,,7.9762001,,9.0309,,,,8.9369001,,,,5.9225001
,,8.0818005,,,,,,,,7.9966002,,9.0698004,,,,8.9535999,,,,5.9417
,,8.0906,,,,,,,,8.04,,9.0902004,,,,8.9875002,,,,5.9685998
,,8.0997,,,,,,,,8.0642004,,9.1204004,,,,9.0052996,,,,5.9868999
,,8.1187,,,,,,,,8.1141005,,9.1471996,,,,9.0391998,,,,6.0025001
,,8.1274996,,,,,,,,8.1332998,,9.1851997,,,,9.0747004,,,,6.0235
,,8.1370001,,,,,,,,8.1662998,,9.2252998,,,,9.0876999,,,,6.0405998
,,8.1473999,,,,,,,,8.2131996,,9.2734003,,,,9.1040001,,,,6.0686002
,,8.1661997,,,,,,,,8.2308998,,9.2952003,,,,9.1131001,,,,6.0854998
,,8.1752005,,,,,,,,8.2847004,,9.3260002,,,,9.1497002,,,,6.1259999
,,8.1854,,,,,,,,8.3268995,,9.3549995,,,,9.2177,,,,6.1434002
,,8.1954002,,,,,,,,8.3701,,9.3901997,,,,9.3320999,,,,6.1722002
,,8.2044001,,,,,,,,8.3877001,,9.4298,,,,9.3611002,,,,6.1908002
,,8.2221003,,,,,,,,8.4181004,,9.4720001,,,,9.3825998,,,,6.2228999
,,8.2311001,,,,,,,,8.4521999,,9.4998999,,,,9.4134998,,,,6.2385998
,,8.2405005,,,,,,,,8.4755001,,9.5362997,,,,9.4582005,,,,6.2688999
,,8.2497997,,,,,,,,8.5117998,,9.5761995,,,,9.4825001,,,,6.2835002
,,8.2698002,,,,,,,,8.5649996,,9.6378002,,,,9.5801001,,,,6.3253999
,,8.2795,,,,,,,,8.5830002,,9.6710997,,,,9.6068001,,,,6.3449998
,,8.29,,,,,,,,8.599,,9.6948996,,,,9.6223001,,,,6.3730001
,,8.2995005,,,,,,,,8.6218004,,9.7320995,,,,9.6327,,,,6.3898001
,,8.3179998,,,,,,,,8.6484003,,9.7719002,,,,9.6434002,,,,6.4197998
,,8.3260002,,,,,,,,8.6622,,9.7941999,,,,9.6687002,,,,6.4362998
,,8.3361998,,,,,,,,8.6913004,,9.8318005,,,,9.684,,,,6.4706001
,,8.3464003,,,,,,,,8.7156,,9.8699999,,,,9.6967001,,,,6.4889002
,,8.3676004,,,,,,,,8.7519999,,9.8969002,,,,9.7144003,,,,6.5218
,,8.3774996,,,,,,,,8.7687998,,9.9285002,,,,9.7383003,,,,6.5395002
,,8.3872004,,,,,,,,8.7986002,,9.9709997,,,,9.7531004,,,,6.5686998
,,8.4202995,,,,,,,,8.8210001,,10.0206,,,,9.8677998,,,,6.585
,,8.4293003,,,,,,,,8.8411999,,10.0419,,,,9.8941002,,,,6.6283002
,,8.4382,,,,,,,,8.8698997,,10.0761,,,,9.9069004,,,,6.6461
,,8.4493999,,,,,,,,8.8914003,,10.1228,,,,9.9268999,,,,6.6745
,,8.4712,,,,,,,,8.9209995,,10.1465,,,,9.9854002,,,,6.6894999
,,8.4799995,,,,,,,,8.9722004,,10.1805,,,,10.0078,,,,6.7047
,,8.4895,,,,,,,,8.9891005,,10.2019,,,,10.0447,,,,6.7305999
,,8.5016003,,,,,,,,9.0029001,,10.2329,,,,10.1282,,,,6.7515998
,,8.5212002,,,,,,,,9.0167999,,10.2724,,,,10.1958,,,,6.7772999
,,8.5320997,,,,,,,,9.0537996,,10.2939,,,,10.2302,,,,6.7961001
,,8.5411997,,,,,,,,9.0865002,,10.3281,,,,10.2661,,,,6.8239002
,,8.5530996,,,,,,,,9.1157999,,10.3535,,,,10.2898,,,,6.8434
,,8.5692997,,,,,,,,9.1701002,,10.3861,,,,10.3256,,,,6.8709998
,,8.5783997,,,,,,,,9.1845999,,10.4267,,,,10.3693,,,,6.8868999
,,8.5872002,,,,,,,,9.2349997,,10.4499,,,,10.3861,,,,6.9046998
,,8.5979996,,,,,,,,9.2802,,10.4762,,,,10.4158,,,,6.9294
,,8.6175003,,,,,,,,9.3042002,,10.5369,,,,10.4285,,,,6.9547
,,8.6285,,,,,,,,9.3332996,,10.5776,,,,10.4406,,,,6.9716001
,,8.6370001,,,,,,,,9.3561001,,10.606,,,,10.4563,,,,6.9948001
,,8.6458998,,,,,,,,9.3739004,,10.6336,,,,10.4753,,,,7.0202999
,,8.6688004,,,,,,,,9.4183998,,10.6669,,,,10.4894,,,,7.0404
,,8.6779003,,,,,,,,9.4555998,,10.6915,,,,10.5162,,,,7.0737
,,8.6877003,,,,,,,,9.4797001,,10.7256,,,,10.5291,,,,7.0918999
,,8.6975002,,,,,,,,9.5177002,,10.752,,,,10.5499,,,,7.1164999
,,8.7194004,,,,,,,,9.5750999,,10.7827,,,,10.5762,,,,7.1325002
,,8.7287998,,,,,,,,9.6330004,,10.8272,,,,10.5975,,,,7.1743002
,,8.7403002,,,,,,,,9.6616001,,10.8695,,,,10.6368,,,,7.1940999
,,8.7545004,,,,,,,,9.6759005,,10.8928,,,,10.6731,,,,7.2203002
,,8.7727003,,,,,,,,9.7215996,,10.9244,,,,10.6921,,,,7.2363
,,8.7823,,,,,,,,9.7883997,,10.9443,,,,10.7098,,,,7.2708001
,,8.7936001,,,,,,,,9.8034,,10.9798,,,,10.7332,,,,7.2852001
,,8.8028002,,,,,,,,9.8312998,,11.0034,,,,10.7789,,,,7.3035002
,,8.8224001,,,,,,,,9.8634005,,11.0461,,,,10.8116,,,,7.3248
,,8.8332996,,,,,,,,9.9148998,,11.0906,,,,10.8336,,,,7.3449998
,,8.8439999,,,,,,,,9.9540005,,11.1267,,,,10.8463,,,,7.3754001
,,8.8548002,,,,,,,,9.9868002,,11.182,,,,10.8738,,,,7.3924999
,,8.8715,,,,,,,,10.0137,,11.2186,,,,10.9184,,,,7.4194002
,,8.8804998,,,,,,,,10.0437,,11.2445,,,,10.9779,,,,7.4342999
,,8.8935003,,,,,,,,10.0895,,11.2783,,,,11.02,,,,7.4686999
,,8.9036999,,,,,,,,10.1169,,11.3049,,,,11.0986,,,,7.4878998
,,8.9225998,,,,,,,,10.1338,,11.3408,,,,11.3687,,,,7.5184002
,,8.9331999,,,,,,,,10.168,,11.3753,,,,11.3996,,,,7.5409999
,,8.9431,,,,,,,,10.246,,11.4162,,,,11.4915,,,,7.5689998
,,8.9555998,,,,,,,,10.2712,,11.4413,,,,11.5384,,,,7.5904002
,,8.9789,,,,,,,,10.3221,,11.4861,,,,11.7289,,,,7.6171999
,,8.9910002,,,,,,,,10.3808,,11.5303,,,,11.7637,,,,7.6332002
,,9.0022001,,,,,,,,10.4336,,11.571,,,,12.1656,,,,7.6736002
,,9.0228996,,,,,,,,10.4558,,11.5962,,,,12.2925,,,,7.6935
,,9.0339003,,,,,,,,10.4747,,11.6314,,,,12.4245,,,,7.7191
,,9.0446997,,,,,,,,10.5026,,11.6742,,,,12.4892,,,,7.7330999
,,9.0550003,,,,,,,,10.5345,,11.7218,,,,12.5455,,,,7.7765999
,,9.0747995,,,,,,,,10.5793,,11.7486,,,,12.5645,,,,7.7916002
,,9.0876999,,,,,,,,10.5952,,11.7851,,,,12.6738,,,,7.8199
,,9.1054001,,,,,,,,10.6188,,11.8267,,,,12.7084,,,,7.8435001
,,9.1217003,,,,,,,,10.646,,11.8531,,,,12.8346,,,,7.8755002
,,9.1360998,,,,,,,,10.6687,,11.8902,,,,12.8828,,,,7.8920002
,,9.1487999,,,,,,,,10.7234,,11.9343,,,,12.897,,,,7.9231
,,9.1700001,,,,,,,,10.7414,,11.9728,,,,12.9142,,,,7.9400001
,,9.1822004,,,,,,,,10.7889,,12.0005,,,,12.9319,,,,7.9695001
,,9.1976004,,,,,,,,10.8208,,12.0257,,,,12.9478,,,,7.9980001
,,9.2222996,,,,,,,,10.8857,,12.0647,,,,12.9706,,,,8.0222998
,,9.2328997,,,,,,,,10.9186,,12.0949,,,,12.9856,,,,8.0372
,,9.2426996,,,,,,,,10.9375,,12.1275,,,,12.9985,,,,8.0537996
,,9.2686005,,,,,,,,10.9743,,12.1582,,,,13.0249,,,,8.0735998
,,9.2771997,,,,,,,,10.9925,,12.1838,,,,13.0431,,,,8.0921001
,,9.2916002,,,,,,,,11.0552,,12.2123,,,,13.1983,,,,8.1225004
,,9.3163996,,,,,,,,11.0706,,12.2363,,,,13.2869,,,,8.1401997
,,9.3267002,,,,,,,,11.1348,,12.2627,,,,13.3187,,,,8.1696997
,,9.3395996,,,,,,,,11.1794,,12.2879,,,,13.3789,,,,8.1892996
,,9.3518,,,,,,,,11.2094,,12.3157,,,,13.4137,,,,8.2194004
,,9.3754997,,,,,,,,11.2316,,12.3541,,,,13.4472,,,,8.2360001
,,9.3871002,,,,,,,,11.2682,,12.381,,,,13.5426,,,,8.2537003
,,9.3979998,,,,,,,,11.2856,,12.4058,,,,13.5642,,,,8.2762003
,,9.4222002,,,,,,,,11.3132,,12.4315,,,,13.5838,,,,8.2936001
,,9.4336004,,,,,,,,11.3523,,12.4601,,,,13.6098,,,,8.3200998
,,9.4462996,,,,,,,,11.3679,,12.4873,,,,13.6459,,,,8.335
,,9.4553003,,,,,,,,11.3865,,12.5145,,,,13.6662,,,,8.3529997
,,9.4751997,,,,,,,,11.4047,,12.5424,,,,13.7778,,,,8.3808002
,,9.4878998,,,,,,,,11.4335,,12.5721,,,,13.8321,,,,8.3941002
,,9.4981003,,,,,,,,11.4652,,12.595,,,,13.8839,,,,8.4200001
,,9.5220003,,,,,,,,11.4829,,12.6175,,,,13.9221,,,,8.4364996
,,9.5321999,,,,,,,,11.495,,12.6404,,,,13.945,,,,8.4521999
,,9.5457001,,,,,,,,11.5164,,12.675,,,,13.9848,,,,8.4747
,,9.5672998,,,,,,,,11.5465,,12.7041,,,,14.0601,,,,8.4955997
,,9.5773001,,,,,,,,11.5716,,12.7323,,,,14.2595,,,,8.5286999
,,9.5918999,,,,,,,,11.5874,,12.7604,,,,,,,,8.5452995
,,9.6015997,,,,,,,,11.614,,12.7886,,,,,,,,8.5704002
,,9.6253004,,,,,,,,11.6388,,12.8146,,,,,,,,8.5896997
,,9.6388998,,,,,,,,11.6654,,12.8465,,,,,,,,8.6213999
,,9.6527996,,,,,,,,11.7115,,12.8809,,,,,,,,8.6339998
,,9.6784,,,,,,,,11.7326,,12.9066,,,,,,,,8.6496
,,9.6899004,,,,,,,,11.7716,,12.937,,,,,,,,8.6723003
,,9.6993999,,,,,,,,11.8045,,12.9613,,,,,,,,8.6893997
,,9.7282,,,,,,,,11.8293,,13.0039,,,,,,,,8.7056999
,,9.7381001,,,,,,,,11.8671,,13.028,,,,,,,,8.7276001
,,9.7735004,,,,,,,,11.9151,,13.0626,,,,,,,,8.7456999
,,9.7861004,,,,,,,,11.9347,,13.0902,,,,,,,,8.7694998
,,9.7996998,,,,,,,,11.9545,,13.115,,,,,,,,8.7865
,,9.8247995,,,,,,,,11.9807,,13.1431,,,,,,,,8.8051004
,,9.8385,,,,,,,,12.0049,,13.1678,,,,,,,,8.8332996
,,9.8515997,,,,,,,,12.0179,,13.1953,,,,,,,,8.8493004
,,9.8736,,,,,,,,12.0383,,13.2236,,,,,,,,8.8732996
,,9.8837996,,,,,,,,12.0582,,13.2453,,,,,,,,8.8924999
,,9.9020996,,,,,,,,12.0815,,13.2729,,,,,,,,8.9233999
,,9.9265003,,,,,,,,12.1252,,13.2956,,,,,,,,8.9401999
,,9.9401999,,,,,,,,12.149,,13.3196,,,,,,,,8.9547005
,,9.9540997,,,,,,,,12.1731,,13.3445,,,,,,,,8.9768
,,9.9764004,,,,,,,,12.2078,,13.3815,,,,,,,,8.9921999
,,9.9889002,,,,,,,,12.2424,,13.41,,,,,,,,9.0218
,,10.0027,,,,,,,,12.2605,,13.4377,,,,,,,,9.0438004
,,10.0276,,,,,,,,12.2737,,13.4617,,,,,,,,9.0706997
,,10.0408,,,,,,,,12.2954,,13.4883,,,,,,,,9.0897999
,,10.0556,,,,,,,,12.3145,,13.5236,,,,,,,,9.1204004
,,10.0787,,,,,,,,12.3286,,13.545,,,,,,,,9.1337004
,,10.0943,,,,,,,,12.3751,,13.5797,,,,,,,,9.1549997
,,10.1214,,,,,,,,12.3943,,13.6094,,,,,,,,9.1768999
,,10.1371,,,,,,,,12.4456,,13.6394,,,,,,,,9.1996002
,,10.1528,,,,,,,,12.4706,,13.67,,,,,,,,9.2284002
,,10.1753,,,,,,,,12.5058,,13.6975,,,,,,,,9.2428999
,,10.1915,,,,,,,,12.5314,,13.7222,,,,,,,,9.2716999
,,10.2049,,,,,,,,12.5584,,13.7522,,,,,,,,9.2925997
,,10.227,,,,,,,,12.6079,,13.7851,,,,,,,,9.3241997
,,10.2414,,,,,,,,12.63,,13.8089,,,,,,,,9.3428001
,,10.2732,,,,,,,,12.6584,,13.8349,,,,,,,,9.3737001
,,10.2867,,,,,,,,12.7047,,13.8599,,,,,,,,9.3937998
,,10.3356,,,,,,,,12.7539,,13.8877,,,,,,,,9.4195995
,,10.3546,,,,,,,,12.7724,,13.9173,,,,,,,,9.4431
,,10.3841,,,,,,,,12.8118,,13.948,,,,,,,,9.4672003
,,10.4265,,,,,,,,12.841,,13.9746,,,,,,,,9.4839001
,,10.4453,,,,,,,,12.8542,,13.9996,,,,,,,,9.5187998
,,10.4788,,,,,,,,12.8792,,14.0315,,,,,,,,9.5354996
,,10.4943,,,,,,,,12.9241,,14.0571,,,,,,,,9.5692997
,,10.5666,,,,,,,,12.9714,,14.0815,,,,,,,,9.5844002
,,10.593,,,,,,,,12.9984,,14.1116,,,,,,,,9.6036997
,,10.6876,,,,,,,,13.0257,,14.1368,,,,,,,,9.6339998
,,10.7308,,,,,,,,13.0581,,14.1681,,,,,,,,9.677
,,10.8224,,,,,,,,13.0995,,14.194,,,,,,,,9.6991997
,,10.9032,,,,,,,,13.1263,,14.2229,,,,,,,,9.7259998
,,11.0666,,,,,,,,13.1463,,14.2477,,,,,,,,9.7447996
,,11.0874,,,,,,,,13.1881,,14.2767,,,,,,,,9.7789001
,,11.1353,,,,,,,,13.2052,,14.3089,,,,,,,,9.7990999
,,11.1944,,,,,,,,13.2576,,14.3431,,,,,,,,9.8270998
,,11.2274,,,,,,,,13.3031,,14.3792,,,,,,,,9.8462
,,11.2475,,,,,,,,13.3272,,14.4119,,,,,,,,9.8723001
,,11.2903,,,,,,,,13.3604,,14.4389,,,,,,,,9.8886003
,,11.3293,,,,,,,,13.3769,,14.468,,,,,,,,9.9053001
,,11.3409,,,,,,,,13.4006,,14.4993,,,,,,,,9.9302998
,,11.3819,,,,,,,,13.4396,,14.5279,,,,,,,,9.9518003
,,11.4317,,,,,,,,13.472,,14.5538,,,,,,,,9.9757004
,,11.4531,,,,,,,,13.5074,,14.5869,,,,,,,,9.9979
,,11.5674,,,,,,,,13.5655,,14.6182,,,,,,,,10.0236
,,11.5953,,,,,,,,13.5807,,14.6464,,,,,,,,10.0407
,,11.6836,,,,,,,,13.5988,,14.6729,,,,,,,,10.07
,,11.7017,,,,,,,,13.6468,,14.7042,,,,,,,,10.093
,,11.7765,,,,,,,,13.6905,,14.7338,,,,,,,,10.124
,,11.7958,,,,,,,,13.7185,,14.7646,,,,,,,,10.1423
,,11.8475,,,,,,,,13.7396,,14.7956,,,,,,,,10.174
,,11.8845,,,,,,,,13.7588,,14.8254,,,,,,,,10.1975
,,11.9181,,,,,,,,13.8005,,14.8512,,,,,,,,10.2263
,,11.9527,,,,,,,,13.8618,,14.8787,,,,,,,,10.2432
,,11.9905,,,,,,,,13.9179,,14.9102,,,,,,,,10.2704
,,12.0453,,,,,,,,13.9528,,14.9362,,,,,,,,10.289
,,12.0577,,,,,,,,14.0071,,14.9618,,,,,,,,10.3212
,,12.0825,,,,,,,,14.0271,,14.9864,,,,,,,,10.3377
,,12.1146,,,,,,,,14.0393,,,,,,,,,,10.3657
,,12.1372,,,,,,,,14.0917,,,,,,,,,,10.3798
,,12.1552,,,,,,,,14.1134,,,,,,,,,,10.3992
,,12.1917,,,,,,,,14.1298,,,,,,,,,,10.4189
,,12.2191,,,,,,,,14.1624,,,,,,,,,,10.4379
,,12.2379,,,,,,,,14.2247,,,,,,,,,,10.4549
,,12.2767,,,,,,,,14.2562,,,,,,,,,,10.478
,,12.2996,,,,,,,,14.2707,,,,,,,,,,10.4976
,,12.3295,,,,,,,,14.2974,,,,,,,,,,10.5218
,,12.353,,,,,,,,14.3192,,,,,,,,,,10.5426
,,12.374,,,,,,,,14.3383,,,,,,,,,,10.5717
,,12.4014,,,,,,,,14.3757,,,,,,,,,,10.5876
,,12.4268,,,,,,,,14.4049,,,,,,,,,,10.605
,,12.4445,,,,,,,,14.4414,,,,,,,,,,10.6251
,,12.48,,,,,,,,14.4817,,,,,,,,,,10.6448
,,12.4883,,,,,,,,14.5192,,,,,,,,,,10.6676
,,12.5101,,,,,,,,14.5447,,,,,,,,,,10.6891
,,12.536,,,,,,,,14.5772,,,,,,,,,,10.7175
,,12.5499,,,,,,,,14.5926,,,,,,,,,,10.738
,,12.5749,,,,,,,,14.6346,,,,,,,,,,10.765
,,12.5999,,,,,,,,14.6612,,,,,,,,,,10.7802
,,12.6339,,,,,,,,14.6903,,,,,,,,,,10.7978
,,12.6602,,,,,,,,14.7041,,,,,,,,,,10.8243
,,12.6818,,,,,,,,14.7292,,,,,,,,,,10.8385
,,12.7014,,,,,,,,14.765,,,,,,,,,,10.866
,,12.7239,,,,,,,,14.781,,,,,,,,,,10.8823
,,12.753,,,,,,,,14.823,,,,,,,,,,10.9016
,,12.7773,,,,,,,,14.8585,,,,,,,,,,10.9226
,,12.8009,,,,,,,,14.8927,,,,,,,,,,10.9432
,,12.8337,,,,,,,,14.9086,,,,,,,,,,10.9719
,,12.853,,,,,,,,14.9248,,,,,,,,,,10.995
,,12.8747,,,,,,,,14.9396,,,,,,,,,,11.0232
,,12.9025,,,,,,,,14.9867,,,,,,,,,,11.0423
,,12.9281,,,,,,,,,,,,,,,,,,11.0718
,,12.9441,,,,,,,,,,,,,,,,,,11.0875
,,12.9696,,,,,,,,,,,,,,,,,,11.1061
,,12.9973,,,,,,,,,,,,,,,,,,11.1274
,,13.0195,,,,,,,,,,,,,,,,,,11.1445
,,13.0368,,,,,,,,,,,,,,,,,,11.1746
,,13.0529,,,,,,,,,,,,,,,,,,11.1955
,,13.0744,,,,,,,,,,,,,,,,,,11.2214
,,13.0914,,,,,,,,,,,,,,,,,,11.2415
,,13.1173,,,,,,,,,,,,,,,,,,11.2679
,,13.1321,,,,,,,,,,,,,,,,,,11.2892
,,13.1485,,,,,,,,,,,,,,,,,,11.3174
,,13.1694,,,,,,,,,,,,,,,,,,11.333
,,13.1879,,,,,,,,,,,,,,,,,,11.3526
,,13.2136,,,,,,,,,,,,,,,,,,11.3742
,,13.2339,,,,,,,,,,,,,,,,,,11.3925
,,13.255,,,,,,,,,,,,,,,,,,11.418
,,13.2676,,,,,,,,,,,,,,,,,,11.4451
,,13.2917,,,,,,,,,,,,,,,,,,11.4691
,,13.3147,,,,,,,,,,,,,,,,,,11.4889
,,13.3324,,,,,,,,,,,,,,,,,,11.5177
,,13.3634,,,,,,,,,,,,,,,,,,11.5315
,,13.3887,,,,,,,,,,,,,,,,,,11.5531
,,13.4138,,,,,,,,,,,,,,,,,,11.577
,,13.434,,,,,,,,,,,,,,,,,,11.5961
,,13.4597,,,,,,,,,,,,,,,,,,11.622
,,13.479,,,,,,,,,,,,,,,,,,11.6415
,,13.4985,,,,,,,,,,,,,,,,,,11.6668
,,13.5184,,,,,,,,,,,,,,,,,,11.6838
,,13.5487,,,,,,,,,,,,,,,,,,11.703
,,13.5723,,,,,,,,,,,,,,,,,,11.7279
,,13.5883,,,,,,,,,,,,,,,,,,11.7468
,,13.6044,,,,,,,,,,,,,,,,,,11.7701
,,13.6278,,,,,,,,,,,,,,,,,,11.7843
,,13.6423,,,,,,,,,,,,,,,,,,11.816
,,13.6641,,,,,,,,,,,,,,,,,,11.8335
,,13.6866,,,,,,,,,,,,,,,,,,11.8479
,,13.7064,,,,,,,,,,,,,,,,,,11.8705
,,13.7265,,,,,,,,,,,,,,,,,,11.8879
,,13.751,,,,,,,,,,,,,,,,,,11.9168
,,13.7742,,,,,,,,,,,,,,,,,,11.9334
,,13.7973,,,,,,,,,,,,,,,,,,11.9486
,,13.8156,,,,,,,,,,,,,,,,,,11.9706
,,13.8272,,,,,,,,,,,,,,,,,,11.9882
,,13.8477,,,,,,,,,,,,,,,,,,12.0074
,,13.8647,,,,,,,,,,,,,,,,,,12.0236
,,13.8888,,,,,,,,,,,,,,,,,,12.0423
,,13.9084,,,,,,,,,,,,,,,,,,12.0621
,,13.9279,,,,,,,,,,,,,,,,,,12.0789
,,13.9487,,,,,,,,,,,,,,,,,,12.0967
,,13.9735,,,,,,,,,,,,,,,,,,12.1129
,,13.9932,,,,,,,,,,,,,,,,,,12.1282
,,14.0106,,,,,,,,,,,,,,,,,,12.1437
,,14.0451,,,,,,,,,,,,,,,,,,12.1587
,,14.0604,,,,,,,,,,,,,,,,,,12.1767
,,14.085,,,,,,,,,,,,,,,,,,12.1951
,,14.11,,,,,,,,,,,,,,,,,,12.2129
,,14.1288,,,,,,,,,,,,,,,,,,12.2331
,,14.1562,,,,,,,,,,,,,,,,,,12.2494
,,14.18,,,,,,,,,,,,,,,,,,12.2675
,,14.2029,,,,,,,,,,,,,,,,,,12.2857
,,14.2777,,,,,,,,,,,,,,,,,,12.3051
,,14.3035,,,,,,,,,,,,,,,,,,12.3208
,,14.3288,,,,,,,,,,,,,,,,,,12.3375
,,14.3547,,,,,,,,,,,,,,,,,,12.3556
,,14.3714,,,,,,,,,,,,,,,,,,12.3725
,,14.4054,,,,,,,,,,,,,,,,,,12.391
,,14.4327,,,,,,,,,,,,,,,,,,12.4111
,,14.4613,,,,,,,,,,,,,,,,,,12.4271
,,14.5155,,,,,,,,,,,,,,,,,,12.4441
,,14.5356,,,,,,,,,,,,,,,,,,12.4681
,,14.5662,,,,,,,,,,,,,,,,,,12.4885
,,14.5889,,,,,,,,,,,,,,,,,,12.5027
,,14.6087,,,,,,,,,,,,,,,,,,12.5229
,,14.6403,,,,,,,,,,,,,,,,,,12.541
,,14.657,,,,,,,,,,,,,,,,,,12.5563
,,14.6764,,,,,,,,,,,,,,,,,,12.5743
,,14.7043,,,,,,,,,,,,,,,,,,12.59
,,14.7384,,,,,,,,,,,,,,,,,,12.6063
,,14.7756,,,,,,,,,,,,,,,,,,12.6239
,,14.8026,,,,,,,,,,,,,,,,,,12.6424
,,14.8242,,,,,,,,,,,,,,,,,,12.6673
,,14.8497,,,,,,,,,,,,,,,,,,12.6884
,,14.8796,,,,,,,,,,,,,,,,,,12.706
,,14.9167,,,,,,,,,,,,,,,,,,12.724
,,14.9372,,,,,,,,,,,,,,,,,,12.7404
,,14.9551,,,,,,,,,,,,,,,,,,12.7563
,,14.9711,,,,,,,,,,,,,,,,,,12.7698
,,,,,,,,,,,,,,,,,,,,12.7866
,,,,,,,,,,,,,,,,,,,,12.8028
,,,,,,,,,,,,,,,,,,,,12.8191
,,,,,,,,,,,,,,,,,,,,12.8382
,,,,,,,,,,,,,,,,,,,,12.8568
,,,,,,,,,,,,,,,,,,,,12.8743
,,,,,,,,,,,,,,,,,,,,12.8892
,,,,,,,,,,,,,,,,,,,,12.9059
,,,,,,,,,,,,,,,,,,,,12.9225
,,,,,,,,,,,,,,,,,,,,12.9362
,,,,,,,,,,,,,,,,,,,,12.9533
,,,,,,,,,,,,,,,,,,,,12.969
,,,,,,,,,,,,,,,,,,,,12.9866
,,,,,,,,,,,,,,,,,,,,13.0037
,,,,,,,,,,,,,,,,,,,,13.0199
,,,,,,,,,,,,,,,,,,,,13.039
,,,,,,,,,,,,,,,,,,,,13.0597
,,,,,,,,,,,,,,,,,,,,13.0767
,,,,,,,,,,,,,,,,,,,,13.0929
,,,,,,,,,,,,,,,,,,,,13.1091
,,,,,,,,,,,,,,,,,,,,13.1273
,,,,,,,,,,,,,,,,,,,,13.1455
,,,,,,,,,,,,,,,,,,,,13.1607
,,,,,,,,,,,,,,,,,,,,13.1776
,,,,,,,,,,,,,,,,,,,,13.1962
,,,,,,,,,,,,,,,,,,,,13.2098
,,,,,,,,,,,,,,,,,,,,13.2262
,,,,,,,,,,,,,,,,,,,,13.2429
,,,,,,,,,,,,,,,,,,,,13.2585
,,,,,,,,,,,,,,,,,,,,13.2721
,,,,,,,,,,,,,,,,,,,,13.2901
,,,,,,,,,,,,,,,,,,,,13.3083
,,,,,,,,,,,,,,,,,,,,13.3284
,,,,,,,,,,,,,,,,,,,,13.3454
,,,,,,,,,,,,,,,,,,,,13.3614
,,,,,,,,,,,,,,,,,,,,13.3778
,,,,,,,,,,,,,,,,,,,,13.3965
,,,,,,,,,,,,,,,,,,,,13.4118
,,,,,,,,,,,,,,,,,,,,13.4285
,,,,,,,,,,,,,,,,,,,,13.4507
,,,,,,,,,,,,,,,,,,,,13.4686
,,,,,,,,,,,,,,,,,,,,13.4861
,,,,,,,,,,,,,,,,,,,,13.5024
,,,,,,,,,,,,,,,,,,,,13.5193
,,,,,,,,,,,,,,,,,,,,13.5346
,,,,,,,,,,,,,,,,,,,,13.549
,,,,,,,,,,,,,,,,,,,,13.5638
,,,,,,,,,,,,,,,,,,,,13.5798
,,,,,,,,,,,,,,,,,,,,13.5991
,,,,,,,,,,,,,,,,,,,,13.6148
,,,,,,,,,,,,,,,,,,,,13.6313
,,,,,,,,,,,,,,,,,,,,13.6495
,,,,,,,,,,,,,,,,,,,,13.6633
,,,,,,,,,,,,,,,,,,,,13.6829
,,,,,,,,,,,,,,,,,,,,13.7046
,,,,,,,,,,,,,,,,,,,,13.7234
,,,,,,,,,,,,,,,,,,,,13.7413
,,,,,,,,,,,,,,,,,,,,13.7558
,,,,,,,,,,,,,,,,,,,,13.7769
,,,,,,,,,,,,,,,,,,,,13.7948
,,,,,,,,,,,,,,,,,,,,13.8199
,,,,,,,,,,,,,,,,,,,,13.8392
,,,,,,,,,,,,,,,,,,,,13.8578
,,,,,,,,,,,,,,,,,,,,13.874
,,,,,,,,,,,,,,,,,,,,13.8899
,,,,,,,,,,,,,,,,,,,,13.9085
,,,,,,,,,,,,,,,,,,,,13.9273
,,,,,,,,,,,,,,,,,,,,13.9409
,,,,,,,,,,,,,,,,,,,,13.9586
,,,,,,,,,,,,,,,,,,,,13.9766
,,,,,,,,,,,,,,,,,,,,13.9933
,,,,,,,,,,,,,,,,,,,,14.0102
,,,,,,,,,,,,,,,,,,,,14.0312
,,,,,,,,,,,,,,,,,,,,14.0525
,,,,,,,,,,,,,,,,,,,,14.0709
,,,,,,,,,,,,,,,,,,,,14.0885
,,,,,,,,,,,,,,,,,,,,14.1091
,,,,,,,,,,,,,,,,,,,,14.1261
,,,,,,,,,,,,,,,,,,,,14.1409
,,,,,,,,,,,,,,,,,,,,14.1595
,,,,,,,,,,,,,,,,,,,,14.1761
,,,,,,,,,,,,,,,,,,,,14.1945
,,,,,,,,,,,,,,,,,,,,14.2157
,,,,,,,,,,,,,,,,,,,,14.2323
,,,,,,,,,,,,,,,,,,,,14.2497
,,,,,,,,,,,,,,,,,,,,14.2678
,,,,,,,,,,,,,,,,,,,,14.2849
,,,,,,,,,,,,,,,,,,,,14.3028
,,,,,,,,,,,,,,,,,,,,14.3253
,,,,,,,,,,,,,,,,,,,,14.3466
,,,,,,,,,,,,,,,,,,,,14.365
,,,,,,,,,,,,,,,,,,,,14.3825
,,,,,,,,,,,,,,,,,,,,14.3995
,,,,,,,,,,,,,,,,,,,,14.4182
,,,,,,,,,,,,,,,,,,,,14.4385
,,,,,,,,,,,,,,,,,,,,14.4544
,,,,,,,,,,,,,,,,,,,,14.4699
,,,,,,,,,,,,,,,,,,,,14.4852
,,,,,,,,,,,,,,,,,,,,14.5013
,,,,,,,,,,,,,,,,,,,,14.5181
,,,,,,,,,,,,,,,,,,,,14.5394
,,,,,,,,,,,,,,,,,,,,14.557
,,,,,,,,,,,,,,,,,,,,14.5736
,,,,,,,,,,,,,,,,,,,,14.5929
,,,,,,,,,,,,,,,,,,,,14.6133
,,,,,,,,,,,,,,,,,,,,14.6325
,,,,,,,,,,,,,,,,,,,,14.6505
,,,,,,,,,,,,,,,,,,,,14.67
,,,,,,,,,,,,,,,,,,,,14.6888
,,,,,,,,,,,,,,,,,,,,14.7071
,,,,,,,,,,,,,,,,,,,,14.7247
,,,,,,,,,,,,,,,,,,,,14.7447
,,,,,,,,,,,,,,,,,,,,14.7663
,,,,,,,,,,,,,,,,,,,,14.7848
,,,,,,,,,,,,,,,,,,,,14.8009
,,,,,,,,,,,,,,,,,,,,14.8172
,,,,,,,,,,,,,,,,,,,,14.8355
,,,,,,,,,,,,,,,,,,,,14.8585
,,,,,,,,,,,,,,,,,,,,14.8742
,,,,,,,,,,,,,,,,,,,,14.8931
,,,,,,,,,,,,,,,,,,,,14.9113
,,,,,,,,,,,,,,,,,,,,14.927
,,,,,,,,,,,,,,,,,,,,14.9458
,,,,,,,,,,,,,,,,,,,,14.9645
,,,,,,,,,,,,,,,,,,,,14.9816
,,,,,,,,,,,,,,,,,,,,14.9979